index,metric/wiki40b_ca_val_loss,metric/wiki40b_nl_val_loss,metric/wiki40b_pt_val_loss,metric/wiki40b_pl_val_loss,metric/wiki40b_ro_val_loss,metric/wiki40b_uk_val_loss,metric/wiki40b_da_val_loss,metric/wiki40b_tr_val_loss
1,7.590892314910889,9.225525856018066,8.08897590637207,10.219562530517578,8.325221061706543,9.111111640930176,9.712281227111816,10.457392692565918
2,8.332706451416016,9.262928009033203,8.801690101623535,10.05265998840332,11.839947700500488,9.267040252685549,9.724740982055664,10.213622093200684
3,7.622748851776123,9.166157722473145,7.995955467224121,10.09692668914795,12.008623123168944,9.082518577575684,9.690910339355469,10.27194881439209
4,8.486434936523438,9.387951850891112,8.845107078552246,10.085783004760742,11.922897338867188,8.990097045898438,9.796930313110352,10.244524955749512
5,8.593648910522461,9.364096641540527,9.066129684448242,10.142112731933594,9.556341171264648,9.10488986968994,9.866177558898926,10.463908195495604
6,7.7536301612854,9.260598182678224,8.131959915161133,10.15773868560791,9.05745792388916,8.987876892089844,9.661162376403809,10.380071640014648
7,7.650589466094971,9.247331619262695,8.059953689575195,10.21977424621582,11.376497268676758,9.141182899475098,9.81972599029541,10.443861961364746
8,8.584207534790039,9.434741020202637,8.81582260131836,10.109819412231444,11.99129581451416,8.99005126953125,9.792804718017578,10.009037017822266
9,7.61095666885376,9.229249954223633,8.051745414733887,10.220149040222168,12.37309455871582,9.136968612670898,9.67604637145996,10.424832344055176
10,8.321879386901855,9.377720832824709,8.758633613586426,9.996883392333984,11.61245822906494,9.317062377929688,9.752225875854492,10.149592399597168
11,7.471517562866211,9.138711929321287,7.997022151947021,10.169487953186035,8.997393608093262,9.116568565368652,9.61903953552246,10.2771577835083
12,8.449350357055664,9.226357460021973,8.925620079040527,9.727486610412598,8.11522102355957,8.818288803100586,9.489887237548828,10.16226291656494
13,8.335989952087402,9.102044105529783,8.839167594909668,10.082950592041016,9.728702545166016,9.090144157409668,9.662882804870604,10.325850486755373
14,7.882601261138916,9.32632064819336,8.000550270080566,9.973624229431152,11.870559692382812,9.00162410736084,9.629371643066406,9.934179306030272
15,7.630507469177246,9.227364540100098,7.951806545257568,9.942997932434082,11.940174102783203,10.684986114501951,9.512344360351562,9.966107368469238
16,7.676121711730957,9.158540725708008,8.004351615905762,10.022233963012695,8.620044708251953,9.140181541442873,9.667969703674316,10.132116317749023
17,8.826142311096191,9.231791496276855,9.006598472595215,10.065465927124023,12.08035945892334,9.036104202270508,9.642693519592283,9.998645782470703
18,8.306977272033691,9.320297241210938,8.742426872253418,9.993523597717283,8.789300918579102,10.69687843322754,9.759774208068848,10.137834548950195
19,8.555720329284668,9.370872497558594,9.087312698364258,10.091796875,10.038323402404783,9.03798484802246,9.764571189880373,10.433402061462402
20,8.360485076904297,9.365408897399902,8.843245506286621,10.155226707458496,9.412239074707031,9.053701400756836,9.852795600891112,10.438526153564451
21,7.735867023468018,9.212289810180664,8.142950057983398,10.305265426635742,11.567611694335938,10.745737075805664,9.789077758789062,10.54418659210205
22,7.532304286956787,9.47624969482422,8.000411987304688,10.25231647491455,8.5590181350708,10.94472599029541,9.82056713104248,10.350961685180664
23,7.661506175994873,9.07163143157959,8.060970306396484,10.132637977600098,8.476730346679688,9.125808715820312,9.668689727783203,10.300111770629885
24,8.378591537475586,9.23228931427002,8.801690101623535,9.984115600585938,8.995511054992676,9.093058586120604,9.660075187683104,10.142508506774902
25,7.538068771362305,9.310406684875488,8.050235748291016,10.303085327148438,7.83489990234375,11.053468704223633,9.778483390808104,10.4830322265625
26,7.675746917724609,9.153932571411133,7.995043754577637,10.149145126342772,9.845114707946776,10.72409439086914,9.711169242858888,10.320582389831545
27,7.74609375,9.21247386932373,8.135400772094727,9.50234603881836,9.016475677490234,8.741511344909668,9.34264850616455,10.00302505493164
28,7.942347049713135,9.177706718444824,8.215124130249023,10.135786056518556,7.847880840301514,10.86270523071289,9.572440147399902,10.303327560424805
29,8.333245277404785,9.143593788146973,8.99727725982666,9.557894706726074,9.332530975341797,8.7669677734375,9.451334953308104,10.157114028930664
30,8.429901123046875,9.26569652557373,9.034177780151367,10.293819427490234,8.698184967041016,10.429333686828612,9.866369247436523,10.55681610107422
31,7.628417015075684,9.26970386505127,8.048208236694336,10.350531578063965,12.298151969909668,9.128960609436035,9.789456367492676,10.54589557647705
32,8.527742385864258,9.321844100952148,9.04980182647705,9.998269081115724,9.92712116241455,8.971640586853027,9.725788116455078,10.378066062927246
33,8.501769065856934,9.20926284790039,9.064708709716797,10.087050437927246,8.58860969543457,10.609248161315918,9.657751083374023,10.321821212768556
34,7.803654670715332,9.178393363952637,8.04493236541748,10.078516006469728,11.83873462677002,10.559348106384276,9.607609748840332,10.299965858459473
35,7.713521480560303,9.034414291381836,8.115982055664062,10.149613380432127,11.900853157043455,9.080903053283691,9.590787887573242,10.399991035461426
36,7.900321006774902,9.179471015930176,8.314831733703613,9.831878662109377,8.434792518615723,8.903554916381836,9.608668327331545,10.119699478149414
37,7.704343318939209,9.080535888671877,8.01203441619873,9.985787391662598,8.043289184570312,9.116448402404783,9.57997989654541,10.12770652770996
38,7.528616905212402,9.28527545928955,8.003804206848145,10.370718002319336,9.303261756896973,9.13570499420166,9.732281684875488,10.572465896606444
39,7.819834232330322,9.38302993774414,8.092803001403809,10.035526275634766,8.69073486328125,10.994128227233888,9.819149017333984,10.20632553100586
40,7.582140922546387,9.223937034606934,8.00710678100586,10.288081169128418,8.29375171661377,9.15285301208496,9.68175983428955,10.400596618652344
41,7.654822826385498,9.084479331970217,8.003584861755371,10.206778526306152,12.52660846710205,9.113585472106934,9.613629341125488,10.310601234436035
42,8.61685562133789,9.193608283996582,9.142788887023926,10.080273628234863,8.447990417480469,10.699119567871094,9.630681991577148,10.323713302612305
43,7.614611625671387,9.522676467895508,7.946810245513916,10.37042236328125,8.72303295135498,9.204907417297363,9.774770736694336,10.518922805786133
44,7.6771769523620605,9.168598175048828,8.101980209350586,10.189654350280762,11.914873123168944,8.937378883361816,9.751100540161133,10.419753074645996
45,8.401415824890137,9.16872215270996,8.891400337219238,9.992561340332031,11.763214111328123,9.044282913208008,9.612821578979492,10.181692123413086
46,8.294784545898438,9.133904457092283,8.891242027282715,10.117795944213867,11.920969009399414,9.111013412475586,9.63893985748291,10.35427188873291
47,7.625150203704834,9.43439769744873,8.011301040649414,10.317862510681152,8.369803428649902,9.321057319641112,9.776480674743652,10.461698532104492
48,8.370894432067871,9.095813751220703,8.742441177368164,10.01380443572998,11.913225173950195,9.009808540344238,9.500126838684082,10.024680137634276
49,7.652978897094727,9.153919219970703,8.050061225891113,10.114133834838867,8.591509819030762,9.050926208496094,9.66994571685791,10.340896606445312
50,7.602499961853027,9.140923500061035,8.029183387756348,10.254223823547363,8.748335838317871,11.036078453063965,9.693069458007812,10.390077590942385
51,7.608321189880371,9.250505447387695,8.01137638092041,9.704110145568848,8.917673110961914,8.868207931518555,9.518436431884766,10.156534194946287
52,8.001378059387207,9.35002326965332,8.438431739807129,9.59349250793457,9.820222854614258,8.786955833435059,9.57260799407959,10.235025405883787
53,8.321321487426758,9.404685974121094,8.877913475036621,10.17091464996338,7.859129428863525,10.914820671081545,9.729192733764648,10.33621597290039
54,8.100152015686035,9.08912181854248,8.266215324401855,9.953198432922363,11.71660614013672,10.718184471130373,9.500070571899414,9.98487663269043
55,8.441140174865723,9.087586402893066,9.008716583251951,9.97610092163086,12.046464920043944,9.0380859375,9.561786651611328,10.130894660949709
56,8.566009521484375,9.18143367767334,8.884452819824219,10.106253623962402,11.481969833374023,10.686301231384276,9.593297958374023,10.213207244873049
57,8.505538940429688,9.183517456054688,9.032203674316406,10.06545639038086,8.992796897888184,9.208971977233888,9.658360481262209,10.326428413391112
58,7.684647083282471,9.19069480895996,8.028940200805664,10.089228630065918,8.240171432495117,10.826696395874023,9.68686294555664,10.26832103729248
59,8.353673934936523,9.07359504699707,8.882383346557617,10.0321044921875,12.116681098937988,10.699223518371582,9.542747497558594,9.972577095031738
60,8.199542999267578,9.183855056762695,8.894967079162598,10.003649711608888,8.681447982788086,8.858025550842285,9.572794914245604,10.302634239196776
61,8.552477836608887,9.216741561889648,8.956531524658203,10.139769554138184,9.214730262756348,9.002121925354004,9.644206047058104,10.225004196166992
62,7.584525108337402,9.263734817504885,8.070531845092773,10.188372611999512,11.129850387573242,9.007577896118164,9.765524864196776,10.48038387298584
63,7.443121910095215,9.558619499206545,7.949520111083984,10.268451690673828,9.095264434814451,9.123196601867676,9.866677284240724,10.45192813873291
64,7.719315052032471,9.179866790771484,8.005770683288574,10.14296054840088,8.267701148986816,9.092293739318848,9.60705852508545,10.248065948486328
65,7.692552089691162,9.152764320373535,8.102490425109863,9.888272285461426,8.575860023498535,8.903729438781738,9.630488395690918,10.232044219970703
66,7.675927639007568,9.218032836914062,8.036592483520508,10.271745681762695,8.73401165008545,11.077407836914062,9.756739616394045,10.55221176147461
67,8.262755393981934,9.056856155395508,8.594403266906738,10.075551986694336,9.54764461517334,10.934621810913086,9.539467811584473,10.372231483459473
68,8.532679557800293,9.243043899536133,9.066645622253418,9.56417465209961,9.151845932006836,8.75641918182373,9.48887825012207,10.048192977905272
69,7.584532260894775,9.171785354614258,8.027021408081055,10.175024032592772,7.908348083496094,9.156732559204102,9.658811569213867,10.400745391845703
70,7.64749813079834,9.04798698425293,8.037522315979004,10.01016902923584,8.20157241821289,9.035901069641112,9.649823188781738,10.247267723083496
71,7.689734935760498,9.220389366149902,7.989919185638428,10.1436128616333,11.574347496032717,9.20397663116455,9.671513557434082,10.320402145385742
72,7.553603172302246,9.481812477111816,8.030340194702148,10.317855834960938,8.753417015075684,9.101186752319336,9.888534545898438,10.373297691345217
73,7.752353191375732,9.446747779846191,8.009980201721191,10.321343421936035,12.30731201171875,9.077995300292969,9.86284065246582,10.406989097595217
74,7.661364555358887,9.21382999420166,8.099335670471191,10.115036010742188,11.731815338134766,9.058074951171877,9.717863082885742,10.522445678710938
75,7.622968673706055,9.143173217773438,8.026131629943848,10.06569480895996,8.089263916015625,9.112088203430176,9.58265209197998,10.244770050048828
76,7.782115936279297,9.347152709960938,8.021281242370605,10.377725601196287,9.46572494506836,9.107044219970703,9.677266120910645,10.472957611083984
77,7.927947998046875,9.131636619567873,8.069297790527344,9.94913101196289,11.90813446044922,10.786478996276855,9.514835357666016,9.979211807250977
78,7.516734600067139,9.234996795654297,8.035486221313477,10.244036674499512,7.820768356323242,9.109701156616213,9.799077033996582,10.382619857788086
79,7.622607231140137,9.194897651672363,8.047024726867676,10.239582061767578,8.107666015625,9.124115943908691,9.693510055541992,10.459964752197266
80,7.718142032623291,9.207756996154783,8.08115005493164,10.191640853881836,8.597835540771484,9.09914493560791,9.691668510437012,10.501052856445312
81,7.798410892486572,9.255640983581545,8.03027629852295,10.127063751220703,11.55543327331543,9.032636642456056,9.673789024353027,10.279211044311523
82,8.72012996673584,9.198145866394045,9.05630111694336,10.009114265441896,11.726886749267578,10.6141939163208,9.5906343460083,10.052067756652832
83,7.919534683227539,9.250575065612791,8.227277755737305,9.732259750366213,9.73962116241455,8.834396362304688,9.488557815551758,10.281843185424805
84,7.453665733337402,9.25451946258545,7.98003625869751,10.287896156311035,7.438931941986084,9.29094696044922,9.727700233459473,10.39654541015625
85,7.624699592590332,9.18026065826416,8.033719062805176,10.144837379455566,12.275351524353027,9.031500816345217,9.67957878112793,10.433417320251465
86,7.717686653137207,9.15798282623291,8.0248384475708,10.152950286865234,11.592726707458496,9.132411003112791,9.597158432006836,10.324018478393556
87,8.261848449707031,9.111929893493652,8.840497970581055,10.099462509155272,8.80105209350586,9.044631004333496,9.555389404296877,10.232074737548828
88,7.920642375946045,9.392505645751951,8.056254386901855,10.024276733398438,11.96159839630127,10.778027534484863,9.707351684570312,10.04127311706543
89,7.513974666595459,9.21614933013916,7.961753845214844,10.202542304992676,8.603180885314941,9.141465187072754,9.61557388305664,10.248068809509276
90,7.615482807159424,9.175026893615724,8.11803913116455,10.303814888000488,7.43395185470581,11.204334259033203,9.750199317932127,10.485429763793944
91,7.779975414276123,9.089548110961914,8.109951972961426,10.017848014831545,8.698162078857422,9.085148811340332,9.624924659729004,10.222708702087402
92,8.305408477783203,9.041792869567873,8.994251251220703,10.011818885803224,11.764668464660645,9.022369384765623,9.559422492980955,10.208966255187988
93,8.58358383178711,9.35489273071289,9.105998992919922,10.057456016540527,10.064013481140137,10.926469802856444,9.81620979309082,10.238149642944336
94,7.57555627822876,9.339485168457031,7.930920124053955,10.29489517211914,8.923027992248535,11.215214729309082,9.719009399414062,10.456927299499512
95,7.651974201202393,9.257753372192385,7.945374488830566,10.183965682983398,8.913257598876953,9.053945541381836,9.517057418823242,10.322489738464355
96,7.701347351074219,9.250714302062988,7.983577728271484,10.274798393249512,8.01009750366211,10.926801681518556,9.538714408874512,10.36205768585205
97,7.66006326675415,9.20987319946289,8.017696380615234,10.116058349609377,12.15167236328125,10.786263465881348,9.683279037475586,10.301478385925291
98,7.720385551452637,9.156209945678713,8.103224754333496,10.054885864257812,8.034296989440918,8.937957763671875,9.67691421508789,10.375600814819336
99,7.974094867706299,9.033761024475098,8.255340576171875,10.10173797607422,9.705629348754885,10.798648834228516,9.509857177734377,10.278937339782717
100,7.61527681350708,9.409486770629885,8.003596305847168,10.24844455718994,7.745161533355713,9.051305770874023,9.829320907592772,10.348222732543944
101,7.700366497039795,9.105438232421877,8.047321319580078,10.156400680541992,8.650765419006348,9.050228118896484,9.6765718460083,10.351423263549805
102,8.572908401489258,9.286006927490234,8.978035926818848,10.237793922424316,11.58021354675293,10.68122673034668,9.766573905944824,10.501815795898438
103,7.52899169921875,9.37195873260498,8.051243782043457,10.352975845336914,8.724642753601074,9.11534023284912,9.817028999328612,10.503889083862305
104,7.646563529968262,9.53427791595459,7.946432113647461,10.355561256408691,8.54515266418457,11.239423751831056,9.76088809967041,10.53012466430664
105,7.392966270446777,9.264599800109863,7.890847206115723,10.279802322387695,9.433966636657717,9.120596885681152,9.664957046508787,10.408574104309082
106,7.843447685241699,9.143900871276855,8.155961036682129,10.13355541229248,9.250060081481934,9.141505241394045,9.699796676635742,10.37246036529541
107,7.815008163452148,9.342840194702148,8.032230377197266,10.038046836853027,11.918118476867676,10.72684097290039,9.678594589233398,10.096412658691406
108,8.225299835205078,9.154556274414062,8.568227767944336,10.017535209655762,9.099472999572754,8.991424560546875,9.62331199645996,10.238181114196776
109,7.851229190826416,9.09804344177246,8.170120239257812,10.11293888092041,8.955265045166016,10.57698917388916,9.654581069946287,10.233819007873535
110,7.539242267608643,9.251426696777344,8.03900146484375,10.298022270202637,8.104275703430176,9.103301048278809,9.752302169799805,10.511359214782717
111,8.544562339782715,9.135085105895996,8.940751075744629,10.007287979125977,8.426471710205078,10.449094772338867,9.566847801208496,10.165814399719238
112,7.832597255706787,9.139262199401855,8.124394416809082,9.972731590270996,12.05473804473877,10.769331932067873,9.53771686553955,9.90185260772705
113,7.812836170196533,9.113120079040527,7.999964237213135,10.02980613708496,11.75813102722168,10.672977447509766,9.528905868530272,10.09485912322998
114,7.953743934631348,9.126150131225586,8.319106101989746,9.442049026489258,9.041123390197754,8.717422485351562,9.328272819519045,9.91930866241455
115,7.933638572692871,9.157062530517578,8.072966575622559,9.996973991394045,11.869171142578123,10.82986545562744,9.522290229797363,9.958242416381836
116,8.532426834106445,9.417495727539062,8.922840118408203,10.243118286132812,9.635783195495604,9.123377799987791,9.872629165649414,10.349191665649414
117,8.331941604614258,9.289899826049805,8.992920875549316,10.284689903259276,9.761812210083008,10.88002872467041,9.70616340637207,10.491819381713867
118,8.335572242736816,9.18008041381836,8.830822944641113,10.140839576721191,9.957694053649902,10.79588222503662,9.646535873413086,10.419415473937988
119,8.200260162353516,9.287588119506836,8.86712646484375,10.392499923706056,9.958715438842772,10.889549255371094,9.655709266662598,10.471492767333984
120,7.889980792999268,9.07866096496582,8.091791152954102,10.16130828857422,9.622098922729492,11.011040687561035,9.660415649414062,10.401296615600586
121,8.338849067687988,9.132570266723633,8.818700790405273,10.12525749206543,9.421996116638184,10.936384201049805,9.661702156066896,10.384617805480955
122,7.662363052368164,9.255504608154297,8.180900573730469,10.180464744567873,11.40822696685791,9.098875999450684,9.70852279663086,10.410140991210938
123,7.674107551574707,9.081900596618652,8.075343132019043,10.036311149597168,8.24466609954834,8.931869506835938,9.6090087890625,10.322531700134276
124,7.653196811676025,9.446533203125,7.959416389465332,10.225202560424805,8.867165565490723,9.06402587890625,9.660351753234863,10.410340309143066
125,8.608114242553711,9.161970138549805,9.160476684570312,10.227142333984377,9.18467617034912,9.016803741455078,9.636534690856934,10.40603256225586
126,7.481785774230957,9.249457359313965,8.006668090820312,10.298967361450195,8.116384506225586,9.16265106201172,9.684856414794922,10.451860427856444
127,7.632054328918457,9.55136489868164,7.893687725067139,10.30642032623291,8.90054988861084,10.851506233215332,9.849445343017578,10.424748420715332
128,7.650577068328857,9.440119743347168,7.985114574432373,10.145938873291016,8.653753280639648,9.010873794555664,9.715346336364746,10.40285873413086
129,7.481160640716553,9.294137001037598,8.011155128479004,10.299440383911133,9.514339447021484,9.13220500946045,9.71182918548584,10.36135196685791
130,8.287148475646973,9.207274436950684,8.852102279663086,10.109086036682127,12.508733749389648,9.038178443908691,9.710735321044922,10.349480628967283
131,8.342570304870605,9.153294563293455,8.923892974853516,10.054865837097168,11.971039772033691,9.051713943481444,9.566757202148438,10.091412544250488
132,7.571572303771973,9.165590286254885,8.007379531860352,10.23022174835205,8.420960426330566,10.864180564880373,9.678860664367676,10.406085968017578
133,8.514731407165527,9.404580116271973,8.780105590820312,10.074470520019531,12.306276321411133,8.954263687133789,9.729970932006836,10.06231689453125
134,7.617103576660156,9.28770923614502,7.922902584075928,10.306371688842772,8.877163887023926,11.264843940734863,9.656484603881836,10.432540893554688
135,8.074506759643555,9.227009773254396,8.204398155212402,10.023763656616213,11.876684188842772,10.82128620147705,9.618961334228516,9.945064544677734
136,7.519192218780518,9.275649070739746,7.98398494720459,10.203875541687012,8.809632301330566,11.256979942321776,9.617108345031738,10.289186477661133
137,7.464682579040527,9.212818145751951,7.940600395202637,10.164556503295898,9.38020133972168,9.06991195678711,9.57425022125244,10.330001831054688
138,7.79168176651001,9.422395706176758,8.074416160583496,10.39474868774414,9.791223526000977,10.94222640991211,9.788564682006836,10.43903636932373
139,8.744349479675293,9.221975326538086,9.061283111572266,10.072576522827148,11.893500328063965,8.998147010803223,9.630532264709473,10.170072555541992
140,7.796869277954102,9.13807201385498,8.0835599899292,10.035000801086426,11.701738357543944,9.044620513916016,9.65550136566162,10.22924518585205
141,8.613814353942871,9.122241973876951,9.124503135681152,9.706923484802246,9.655366897583008,8.80941104888916,9.496936798095703,10.126188278198242
142,8.603626251220703,9.29092025756836,9.1007661819458,10.082969665527344,9.725431442260742,8.882102966308594,9.624093055725098,10.44838809967041
143,8.375149726867676,9.372532844543455,8.815966606140137,10.050235748291016,9.180343627929688,11.026779174804688,9.792829513549805,10.222517013549805
144,8.559558868408203,9.112879753112791,9.036882400512695,10.113621711730955,9.549699783325195,10.952977180480955,9.626812934875488,10.41290283203125
145,8.54849624633789,9.34886074066162,9.068978309631348,10.024690628051758,9.966062545776367,9.05395221710205,9.799829483032228,10.18204402923584
146,7.509271144866943,9.25179958343506,7.99495792388916,10.171408653259276,7.521162509918213,10.898188591003418,9.668557167053224,10.341718673706056
147,7.679317474365234,9.208112716674805,8.056807518005371,10.344290733337402,12.212498664855955,10.760892868041992,9.728334426879885,10.598612785339355
148,7.610716342926025,9.245039939880373,8.126395225524902,10.188067436218262,8.261310577392578,9.13422966003418,9.73705768585205,10.29263687133789
149,8.469107627868652,9.268872261047363,8.852400779724121,9.989418983459473,12.10246753692627,9.024368286132812,9.65978717803955,9.904455184936523
150,7.755539894104004,9.065990447998049,8.08086109161377,9.852057456970217,8.209612846374512,8.934220314025879,9.605871200561523,10.25141716003418
151,7.473333358764648,9.217613220214844,8.001086235046387,10.055397987365724,8.381998062133789,9.033895492553713,9.641031265258787,10.24383544921875
152,7.511588096618652,9.281500816345217,8.038095474243164,10.308151245117188,8.174104690551758,9.0804443359375,9.742653846740724,10.472829818725586
153,7.899209022521973,9.216140747070312,8.206666946411133,10.304375648498535,8.944514274597168,10.672380447387695,9.784555435180664,10.504133224487305
154,7.6802978515625,9.164920806884766,8.073403358459473,10.204882621765137,11.252677917480469,9.134109497070312,9.69968318939209,10.54356288909912
155,7.988802909851074,9.113409042358398,8.275880813598633,10.072365760803224,8.80392837524414,9.233874320983888,9.632969856262209,10.342290878295898
156,7.703801155090332,9.488709449768066,8.004586219787598,10.064276695251465,8.659972190856934,9.214866638183594,9.713160514831545,10.195205688476562
157,7.444667816162109,9.406949043273926,7.923548221588135,10.307106971740724,8.882659912109375,10.986764907836914,9.719771385192873,10.42916488647461
158,7.653334140777588,9.304898262023926,8.013557434082031,10.484641075134276,9.282032012939451,10.991884231567385,9.702481269836426,10.53463363647461
159,8.151824951171875,9.102133750915527,8.46854019165039,9.933672904968262,8.466504096984863,8.950602531433105,9.527914047241213,10.333083152770996
160,8.154417991638184,9.124329566955566,8.82718276977539,9.53510856628418,9.140355110168455,8.762678146362305,9.342314720153809,10.059552192687988
161,8.61060905456543,9.198013305664062,9.175688743591309,10.209311485290527,8.999881744384766,9.157782554626465,9.69554328918457,10.443936347961426
162,7.917947769165039,9.21597671508789,8.19564151763916,9.79494571685791,9.245162963867188,8.823732376098633,9.583806991577148,10.332615852355955
163,7.56831693649292,9.290666580200195,8.033642768859863,10.340087890625,11.862332344055176,9.19421100616455,9.796432495117188,10.510479927062988
164,7.623262882232666,9.141082763671877,8.098916053771973,10.163487434387209,8.12620735168457,9.116384506225586,9.725417137145996,10.423139572143556
165,8.310442924499512,9.12049388885498,9.047670364379885,9.738279342651367,9.20339298248291,8.80429744720459,9.526803970336914,10.234878540039062
166,8.574774742126465,9.531638145446776,9.001150131225586,10.465253829956056,9.876826286315918,9.10740089416504,9.871088981628418,10.524215698242188
167,8.286399841308594,9.11769962310791,8.946657180786133,9.914381980895996,8.157110214233398,8.930683135986328,9.582390785217283,10.226388931274414
168,8.29935359954834,9.176092147827148,8.894553184509277,10.181235313415527,12.209098815917969,9.52993869781494,9.700984001159668,10.345568656921388
169,7.713326454162598,9.258574485778809,8.080511093139648,10.157535552978516,11.784446716308594,9.078813552856444,9.691994667053224,10.3075532913208
170,7.962443828582764,9.019946098327637,8.285694122314453,9.77378749847412,9.665579795837402,8.869410514831543,9.519658088684082,10.04751968383789
171,8.502159118652344,9.417373657226562,9.15752410888672,9.690115928649902,8.7717866897583,8.821511268615723,9.674375534057615,10.310786247253418
172,8.329032897949219,9.350421905517578,8.796635627746582,10.035751342773438,8.88892650604248,10.758955001831056,9.82266616821289,10.192140579223633
173,8.087445259094238,9.241944313049316,8.294966697692871,10.045980453491213,9.391200065612791,11.12051773071289,9.736831665039062,10.383337020874023
174,7.639024257659912,9.101856231689451,7.996873378753662,10.013349533081056,8.062491416931152,9.11843490600586,9.554675102233888,10.18001651763916
175,7.618157386779785,9.441888809204102,8.089223861694336,10.082520484924316,11.61552906036377,10.91301727294922,9.820709228515623,10.186817169189451
176,7.710115909576416,9.118698120117188,8.095832824707031,10.144689559936523,11.666104316711426,9.069083213806152,9.6288423538208,10.399002075195312
177,8.456953048706055,9.21578311920166,8.92672061920166,10.116094589233398,8.09957218170166,9.016056060791016,9.690594673156738,10.370400428771973
178,7.5169997215271,9.2794189453125,7.9859619140625,10.360800743103027,8.337929725646973,9.155684471130373,9.716604232788086,10.494088172912598
179,8.430158615112305,9.093331336975098,8.888407707214355,10.073124885559082,9.470908164978027,9.14629364013672,9.641074180603027,10.40352725982666
180,8.58498764038086,9.13183879852295,8.850424766540527,10.00658893585205,11.868138313293455,9.182929039001465,9.516386032104492,9.998848915100098
181,7.577325344085693,9.15402603149414,8.04426097869873,10.149344444274902,8.625029563903809,9.127238273620604,9.64703369140625,10.370369911193848
182,8.367494583129883,9.26016902923584,8.767834663391113,10.129354476928713,9.16769313812256,10.701581954956056,9.623907089233398,10.257726669311523
183,7.702823162078857,9.189465522766112,8.03921890258789,10.307822227478027,8.729290962219238,9.075392723083496,9.707470893859863,10.3268404006958
184,7.740118026733398,9.261256217956545,8.019046783447266,10.05646800994873,10.0808687210083,9.055301666259766,9.794243812561035,10.28549575805664
185,8.225886344909668,9.195929527282717,8.850502014160156,10.193772315979004,11.523337364196776,10.719950675964355,9.569680213928224,10.433878898620604
186,7.758903503417969,9.285938262939451,8.067350387573242,10.19461727142334,8.267984390258789,9.139205932617188,9.738978385925291,10.309277534484863
187,7.627861022949219,9.2654447555542,7.996826171875,9.970318794250488,8.572080612182617,9.111626625061035,9.659326553344728,10.1185941696167
188,8.244458198547363,9.16770839691162,8.867653846740723,10.26052188873291,12.143083572387695,9.10856819152832,9.67525863647461,10.467435836791992
189,8.46173095703125,9.127826690673828,8.988547325134277,9.99452781677246,11.714433670043944,11.12644863128662,9.605344772338867,10.099468231201172
190,8.323676109313965,9.112489700317385,8.830836296081543,9.974233627319336,11.924504280090332,10.69326877593994,9.571507453918455,9.919431686401367
191,7.536133289337158,9.236844062805176,8.038601875305176,10.246049880981444,11.820436477661133,9.171321868896484,9.720210075378418,10.457228660583496
192,7.644989967346191,9.113228797912598,8.079812049865723,9.838939666748049,8.340167045593262,8.915199279785156,9.539743423461914,10.023611068725586
193,8.180643081665039,9.362747192382812,8.714211463928223,10.041629791259766,12.204997062683104,9.010945320129396,9.682938575744627,10.065706253051758
194,7.835078716278076,9.12757968902588,8.133306503295898,10.010381698608398,11.491943359375,9.093524932861328,9.55003547668457,10.078545570373535
195,7.696845531463623,9.518543243408203,8.120139122009277,10.015717506408691,8.106828689575195,8.881850242614746,9.73392105102539,10.332686424255373
196,7.689979076385498,9.14635944366455,8.025321960449219,10.00267219543457,11.708954811096191,9.067062377929688,9.585200309753418,10.124401092529297
197,7.963181972503662,9.170720100402832,8.48584270477295,10.263068199157717,9.733741760253906,10.94106674194336,9.605615615844728,10.397623062133787
198,8.489434242248535,9.247840881347656,8.934941291809082,10.176644325256348,11.492101669311523,10.611162185668944,9.66584300994873,10.407608032226562
199,7.677052974700928,9.167728424072266,8.04288387298584,10.240629196166992,8.177380561828613,9.175569534301758,9.807677268981934,10.428098678588867
200,7.499261379241943,9.245052337646484,7.98034143447876,10.26430892944336,8.697555541992188,11.138545036315918,9.654586791992188,10.360185623168944
201,8.550475120544434,9.152864456176758,8.958197593688965,10.028176307678224,8.627480506896973,10.413491249084473,9.587697982788086,10.176155090332031
202,7.392343521118164,9.32095718383789,7.914139270782471,10.343134880065918,8.857227325439453,11.20669174194336,9.681140899658203,10.456076622009276
203,7.671722412109375,9.36807346343994,8.032647132873535,10.13449478149414,7.783127307891846,9.5208101272583,9.850021362304688,10.336034774780272
204,7.5943284034729,9.209577560424805,8.074185371398926,10.196392059326172,7.702986240386963,9.13297176361084,9.722564697265623,10.446975708007812
205,7.664144039154053,9.14874267578125,8.021413803100586,10.145552635192873,8.040102005004883,9.211122512817385,9.691132545471191,10.38589096069336
206,7.732860088348389,9.11426830291748,8.139802932739258,10.089065551757812,11.140568733215332,8.990612983703613,9.707995414733888,10.281635284423828
207,7.665815353393555,9.247810363769531,8.051909446716309,10.256376266479492,8.423144340515137,9.065061569213867,9.740874290466309,10.498313903808594
208,8.523844718933105,9.478503227233888,8.927103042602539,10.418696403503418,9.840744018554688,9.114262580871582,9.919645309448242,10.465665817260742
209,7.71052360534668,9.144533157348633,8.143275260925293,10.147932052612305,12.035513877868652,9.083142280578612,9.661050796508787,10.442395210266112
210,7.521171569824219,9.090863227844238,8.018957138061523,9.85504913330078,8.812295913696289,8.893231391906738,9.586593627929688,10.15805435180664
211,7.774766445159912,9.499762535095217,8.059826850891113,10.080158233642578,8.270238876342773,10.943341255187988,9.740930557250977,10.225690841674805
212,7.638251781463623,9.325692176818848,8.006121635437012,10.443652153015137,10.073915481567385,9.122594833374023,9.696820259094238,10.522409439086914
213,7.655908107757568,9.401824951171877,8.073100090026855,10.222945213317873,7.5739970207214355,9.133793830871582,9.84864902496338,10.375123977661133
214,8.714157104492188,9.351503372192385,9.138930320739746,9.760174751281738,8.584722518920898,8.835410118103027,9.679409980773926,10.019474983215332
215,7.610480308532715,9.296710014343262,8.024548530578613,10.24368381500244,12.189675331115724,9.04920482635498,9.733916282653809,10.356542587280272
216,8.567022323608398,9.30508518218994,9.06570529937744,10.091580390930176,9.748764038085938,10.823408126831056,9.806986808776855,10.354706764221191
217,8.506013870239258,9.30678367614746,8.780619621276855,9.93686294555664,11.994362831115724,9.014476776123049,9.632485389709473,9.866068840026855
218,8.4824857711792,9.38727855682373,8.761313438415527,10.012624740600586,12.287854194641112,9.12277126312256,9.696349143981934,10.031964302062988
219,8.27987289428711,9.010109901428224,8.947691917419434,9.47040557861328,9.250930786132812,8.71015739440918,9.275749206542969,9.959260940551758
220,8.518194198608398,9.124526977539062,8.904414176940918,10.018560409545898,9.210143089294434,10.473751068115234,9.574556350708008,10.185185432434082
221,8.722060203552246,9.372784614562988,9.104236602783203,9.796317100524902,8.611807823181152,8.871822357177734,9.72072696685791,10.018914222717283
222,8.38944149017334,9.238829612731934,8.824972152709961,10.0064115524292,12.06289291381836,8.955963134765625,9.618483543395996,9.96829891204834
223,7.551481246948242,9.211288452148438,8.056950569152832,10.228066444396973,7.386351585388184,9.07139778137207,9.764116287231444,10.39178466796875
224,7.62710428237915,9.395633697509766,8.09727668762207,9.6660737991333,9.68537712097168,8.788691520690918,9.521100997924805,10.222278594970703
225,7.718757152557373,9.19998836517334,8.072813987731934,10.224069595336914,8.772589683532715,10.810991287231444,9.657027244567873,10.47189712524414
226,7.608462333679199,9.21385669708252,8.035758972167969,9.926362991333008,9.659429550170898,8.92420482635498,9.657121658325195,10.33294677734375
227,7.943863391876221,9.196624755859377,8.23080062866211,10.165201187133787,8.636890411376953,10.704788208007812,9.69532871246338,10.387067794799805
228,7.508955001831055,9.207549095153809,7.974116802215576,10.132529258728027,8.12523365020752,9.050528526306152,9.669973373413086,10.303232192993164
229,7.700743675231934,9.337220191955566,8.046940803527832,10.177629470825195,8.559826850891113,9.090155601501465,9.719077110290527,10.25238037109375
230,7.594134330749512,9.47251796722412,7.901500225067139,10.311763763427734,8.809399604797363,9.128214836120604,9.690671920776367,10.487749099731444
231,8.646698951721191,9.144290924072266,9.203763008117676,10.227834701538086,8.698697090148926,10.506702423095703,9.633357048034668,10.390727043151855
232,7.68316650390625,9.109244346618652,8.108107566833496,10.145892143249512,8.140912055969238,9.127614974975586,9.737910270690918,10.366445541381836
233,8.53385066986084,9.107949256896973,9.053404808044434,9.521845817565918,9.204304695129396,8.759306907653809,9.360342979431152,9.961929321289062
234,7.663554668426514,9.16139793395996,8.073193550109863,10.149577140808104,11.85546588897705,9.10590934753418,9.66856288909912,10.311713218688965
235,7.40627908706665,9.46622085571289,7.91717529296875,10.292680740356444,8.806076049804688,11.289467811584473,9.66167449951172,10.506898880004885
236,8.251235961914062,9.543383598327637,8.914175033569336,10.412516593933104,9.901986122131348,10.91102123260498,9.85927391052246,10.480961799621582
237,7.726831436157227,9.423873901367188,8.02511978149414,10.393434524536133,9.856459617614746,10.915701866149902,9.722115516662598,10.450223922729492
238,7.853572845458984,9.104954719543455,8.199118614196777,9.52816390991211,9.124934196472168,8.781407356262207,9.362751007080078,10.112350463867188
239,8.11937141418457,9.307037353515623,8.264272689819336,10.036471366882324,12.005415916442873,8.946684837341309,9.69953441619873,9.953169822692873
240,7.651517391204834,9.07300090789795,8.037105560302734,10.032331466674805,11.308277130126951,8.992931365966797,9.53240966796875,10.250572204589844
241,7.617536544799805,9.174196243286133,8.078635215759277,10.14280605316162,8.18491268157959,9.094050407409668,9.621538162231444,10.239213943481444
242,8.433096885681152,9.352741241455078,8.68723201751709,10.00943374633789,11.96993637084961,10.741103172302246,9.652024269104004,9.980985641479492
243,7.845251083374023,9.118163108825684,8.082382202148438,10.009048461914062,11.777929306030272,9.065190315246582,9.520448684692385,10.01934814453125
244,7.6546630859375,9.209243774414062,7.964433193206787,10.049355506896973,8.076272964477539,9.150946617126465,9.594151496887209,10.230754852294922
245,8.278600692749023,8.989760398864746,8.921207427978516,9.980422973632812,11.615612983703612,8.993644714355469,9.526426315307615,10.144688606262209
246,7.55691385269165,9.319435119628906,7.8685431480407715,10.297354698181152,8.703421592712402,11.281352043151855,9.74760627746582,10.472956657409668
247,8.011523246765137,9.326992988586426,8.121529579162598,10.041412353515623,11.931954383850098,8.975421905517578,9.716336250305176,9.969486236572266
248,7.836162090301514,9.181632041931152,8.24763011932373,10.186745643615724,8.99012279510498,10.698076248168944,9.676901817321776,10.266036987304688
249,7.533632755279541,9.31538200378418,8.024125099182129,10.35898208618164,8.705744743347168,9.190909385681152,9.803519248962402,10.523417472839355
250,7.951726913452148,9.135395050048828,8.257132530212402,10.05038070678711,8.933542251586914,10.59279727935791,9.607916831970217,10.255255699157717
251,7.770222187042236,9.411502838134766,8.052258491516113,10.283516883850098,9.477055549621582,10.868057250976562,9.80771255493164,10.361411094665527
252,7.584825038909912,9.252866744995115,8.045841217041016,10.262411117553713,11.545449256896973,9.10727882385254,9.759896278381348,10.444849967956545
253,8.343867301940918,9.151503562927246,8.899840354919434,10.14845085144043,9.13554859161377,9.083905220031738,9.626325607299805,10.24043083190918
254,8.612879753112793,9.179052352905272,9.135037422180176,10.132332801818848,8.64918041229248,10.65396499633789,9.605326652526855,10.398587226867676
255,7.673946857452393,9.07846736907959,8.083842277526855,9.772913932800291,8.991131782531738,8.82546329498291,9.490680694580078,10.174498558044434
256,8.090147972106934,9.187381744384766,8.528021812438965,9.55093765258789,9.238277435302734,8.779449462890625,9.50102996826172,9.976080894470217
257,7.623433589935303,9.089858055114746,8.04080581665039,10.02432346343994,11.77160358428955,9.014968872070312,9.592245101928713,10.297147750854492
258,7.697283744812012,9.195799827575684,8.02143669128418,10.06263256072998,11.436708450317385,9.049432754516602,9.607720375061035,10.210651397705078
259,8.366284370422363,9.194796562194824,8.920106887817383,10.093771934509276,8.885074615478516,9.070974349975586,9.670802116394045,10.33279514312744
260,7.623982429504394,9.518387794494627,7.907442569732666,10.352506637573242,8.854278564453125,11.17119312286377,9.775797843933104,10.548270225524902
261,7.658977031707764,9.330731391906738,8.05711841583252,10.116128921508787,9.702510833740234,9.067350387573242,9.825668334960938,10.322908401489258
262,7.596643924713135,9.126568794250488,8.024580955505371,10.102951049804688,11.86613941192627,9.024802207946776,9.725526809692385,10.405021667480469
263,8.470918655395508,9.11095905303955,8.878798484802246,9.97403621673584,9.06130313873291,8.948034286499023,9.568997383117676,10.115818977355955
264,7.449254989624023,9.28271484375,8.0260591506958,10.072123527526855,9.185791969299316,8.913261413574219,9.69366455078125,10.355233192443848
265,8.161796569824219,9.09371280670166,8.695924758911133,10.048633575439451,11.731328010559082,10.709755897521973,9.5020112991333,10.114920616149902
266,7.886603832244873,9.22089672088623,8.09662914276123,10.100099563598633,9.358734130859377,10.714119911193848,9.627692222595217,10.23139190673828
267,7.574273109436035,9.2352876663208,8.028890609741211,10.38995361328125,9.618240356445312,10.985434532165527,9.744911193847656,10.506731986999512
268,7.742683410644531,9.042320251464844,8.030680656433105,10.059038162231444,9.532594680786133,9.169856071472168,9.61257266998291,10.340232849121094
269,7.814101219177246,9.176314353942873,8.064798355102539,10.090524673461914,9.166204452514648,10.720105171203612,9.604753494262695,10.290773391723633
270,7.618057727813721,9.178043365478516,8.071722984313965,10.154972076416016,11.805482864379885,9.10548210144043,9.65689468383789,10.33229637145996
271,7.755662441253662,9.141006469726562,8.050419807434082,10.172433853149414,9.756361961364746,10.97648811340332,9.68816375732422,10.390618324279783
272,8.155570030212402,9.12132453918457,8.468475341796875,10.053924560546877,9.6541109085083,9.154925346374512,9.638616561889648,10.307069778442385
273,7.745063304901123,9.400455474853516,8.072405815124512,10.061616897583008,11.56594944000244,10.792046546936035,9.73346996307373,10.141986846923828
274,7.741115570068359,9.412131309509276,7.967660903930664,9.976649284362791,11.993935585021973,10.672813415527344,9.679939270019531,10.04262924194336
275,7.781060218811035,9.157979011535645,8.172370910644531,10.17767333984375,9.01784610748291,9.050621032714844,9.672403335571287,10.259113311767578
276,8.370203018188477,9.275816917419434,8.877460479736328,9.794478416442873,8.064352989196777,8.83521556854248,9.549508094787598,10.201525688171388
277,7.629247665405273,9.33518123626709,7.956777095794678,10.400092124938965,9.134418487548828,11.302769660949709,9.6255464553833,10.475607872009276
278,7.683397769927978,9.098089218139648,8.06732177734375,10.123994827270508,8.228281021118164,9.087528228759766,9.70889377593994,10.357999801635742
279,8.385421752929688,9.15142822265625,8.823759078979492,9.89802360534668,8.301973342895508,11.00296401977539,9.605844497680664,10.082365036010742
280,7.8094964027404785,9.061115264892578,8.104878425598145,9.969881057739258,9.385015487670898,9.11721134185791,9.600879669189451,10.120914459228516
281,7.80063533782959,9.02160930633545,8.221786499023438,10.081561088562012,11.477144241333008,9.002192497253418,9.586786270141602,10.23076057434082
282,8.44240951538086,9.147051811218262,8.723490715026855,9.974641799926758,12.11449909210205,10.725674629211426,9.511195182800291,10.011642456054688
283,8.342371940612793,9.420028686523438,8.900125503540039,10.207480430603027,9.75535774230957,9.149511337280272,9.812647819519045,10.3951416015625
284,7.847105503082275,9.084099769592283,8.11737060546875,10.027596473693848,11.70268726348877,8.94483470916748,9.525708198547363,10.100866317749023
285,8.541543006896973,9.349722862243652,9.037484169006348,9.995627403259276,9.099084854125977,10.87222671508789,9.791754722595217,10.18503189086914
286,7.508063793182373,9.395282745361328,7.991595268249512,10.218603134155272,7.581760883331299,9.560441970825195,9.727635383605955,10.291425704956056
287,7.685447216033935,9.16484832763672,8.038077354431152,10.100756645202637,11.884138107299805,9.15736961364746,9.548995018005373,10.19724941253662
288,8.540999412536621,9.33750343322754,9.01011562347412,9.973451614379885,10.28920841217041,10.72218894958496,9.768312454223633,10.170132637023926
289,7.535553932189941,9.216114044189451,8.010769844055176,10.222830772399902,8.41031551361084,9.129156112670898,9.711222648620604,10.394720077514648
290,8.419622421264648,9.16390323638916,8.997771263122559,10.177129745483398,9.069427490234377,10.88369083404541,9.759865760803224,10.393336296081545
291,8.395590782165527,9.312928199768066,8.946244239807129,10.005500793457031,11.829450607299805,10.809253692626951,9.677377700805664,10.05005931854248
292,7.712254524230957,9.164097785949709,8.094704627990723,10.264606475830078,8.472978591918945,9.06993007659912,9.733295440673828,10.517797470092772
293,7.679495811462402,9.163371086120604,8.091678619384766,9.923891067504885,8.950061798095703,8.916738510131836,9.642287254333496,10.289487838745115
294,7.544225215911865,9.354761123657228,8.035528182983398,10.254199981689451,9.252079010009766,9.11334228515625,9.845345497131348,10.396835327148438
295,7.761397361755371,9.22524070739746,8.056252479553223,10.20186996459961,12.415502548217772,9.163076400756836,9.68910026550293,10.266525268554688
296,7.579740047454834,9.187582969665527,8.03666877746582,10.195096969604492,11.86605167388916,9.03936767578125,9.706258773803713,10.4267578125
297,7.651699066162109,9.12735652923584,8.051668167114258,10.118842124938965,12.083515167236328,9.09925651550293,9.613181114196776,10.357973098754885
298,8.350517272949219,9.124181747436523,8.923376083374023,10.1835298538208,8.71310043334961,10.742897987365724,9.68883991241455,10.324398040771484
299,8.272825241088867,9.50363063812256,8.887304306030273,10.356754302978516,9.173590660095217,10.9298677444458,9.860146522521973,10.44718074798584
300,7.582945823669434,9.240349769592283,8.056446075439453,10.382319450378418,11.96682071685791,9.132634162902832,9.753512382507324,10.572531700134276
301,7.738497257232666,9.280491828918455,8.029105186462402,10.250585556030272,8.516524314880371,10.940922737121582,9.71169376373291,10.459890365600586
302,8.149430274963379,9.101593017578123,8.566011428833008,10.079719543457031,11.11221694946289,9.059860229492188,9.570316314697266,10.278958320617676
303,7.911020278930664,9.331527709960938,8.038588523864746,9.983620643615724,11.816373825073242,10.830676078796388,9.663172721862791,9.965803146362305
304,8.536833763122559,9.30246353149414,9.015868186950684,10.130163192749023,9.47510814666748,9.072709083557127,9.82386302947998,10.42318058013916
305,7.797403335571289,9.396180152893066,8.108821868896484,10.402112007141112,9.786468505859377,10.971158981323242,9.776243209838867,10.43407917022705
306,7.741743087768555,9.184371948242188,8.108261108398438,10.11123752593994,11.82990837097168,9.094121932983398,9.66679573059082,10.319229125976562
307,7.562410831451416,9.279867172241213,8.03964900970459,10.408793449401855,12.050128936767578,9.094780921936035,9.765725135803224,10.547755241394045
308,8.203112602233887,9.238518714904783,8.794533729553223,10.276277542114258,11.932785034179688,10.816411018371582,9.713845252990724,10.423507690429688
309,7.610838413238525,9.125384330749512,8.055815696716309,10.209917068481444,9.05942153930664,9.048648834228516,9.674797058105469,10.367140769958496
310,7.362638473510742,9.37045669555664,7.828882694244385,10.236088752746582,8.579973220825195,11.242515563964844,9.626041412353516,10.413776397705078
311,7.872641563415527,9.428415298461914,8.033406257629395,10.076319694519045,12.23697280883789,8.996931076049805,9.752790451049805,10.06303596496582
312,7.971480369567871,9.149694442749023,8.399864196777344,10.22996711730957,11.550168991088867,9.024283409118652,9.726801872253418,10.459945678710938
313,8.176229476928711,9.101363182067873,8.813034057617188,10.095951080322266,11.114274978637695,10.432302474975586,9.6356782913208,10.222963333129885
314,7.496094226837158,9.256979942321776,8.037240028381348,10.35505485534668,8.241860389709473,9.175259590148926,9.76938247680664,10.528963088989258
315,7.769581317901611,9.104097366333008,8.226862907409668,10.07470417022705,11.903082847595217,9.05185317993164,9.549514770507812,10.170716285705566
316,7.533818244934082,9.21006965637207,8.030998229980469,10.283488273620604,7.979076385498047,9.048613548278809,9.691733360290527,10.376141548156738
317,7.483615398406982,9.298029899597168,7.941031455993652,10.31632137298584,9.729660034179688,9.172114372253418,9.775483131408691,10.53606414794922
318,7.656358242034912,9.14394187927246,8.07514476776123,10.051578521728516,12.10360050201416,8.993769645690918,9.621281623840332,10.368215560913086
319,7.704605579376221,9.177656173706056,8.0639009475708,10.008050918579102,11.94387435913086,10.781586647033691,9.532835006713867,10.053749084472656
320,7.557665824890137,9.468469619750977,7.868238925933838,10.278037071228027,8.73495101928711,11.157821655273438,9.674727439880373,10.461233139038086
321,7.727802753448486,9.114520072937012,8.070426940917969,9.923234939575195,8.24683666229248,8.945698738098145,9.614838600158691,10.306431770324709
322,7.73176383972168,9.368291854858398,8.065113067626953,10.223979949951172,9.516008377075195,10.918363571166992,9.794857025146484,10.439459800720217
323,7.665591716766357,9.419318199157717,8.088912963867188,9.750417709350586,9.864290237426758,8.819267272949219,9.591614723205566,10.233854293823242
324,7.64243745803833,9.098169326782228,8.011984825134277,10.20545482635498,9.50386905670166,9.153216361999512,9.641776084899902,10.424604415893556
325,7.693367958068848,9.25731086730957,8.0740966796875,10.264921188354492,8.53453254699707,9.07997703552246,9.809188842773438,10.51268196105957
326,8.005889892578125,9.050872802734377,8.28197956085205,10.110983848571776,9.54905891418457,9.07680606842041,9.633185386657717,10.382319450378418
327,7.40876579284668,9.447813034057615,7.9202880859375,10.321784019470217,8.73769474029541,11.242571830749512,9.656509399414062,10.471888542175291
328,8.684441566467285,9.077582359313965,9.16905117034912,9.826786041259766,8.443954467773438,8.902867317199707,9.556326866149902,10.119250297546388
329,8.44040298461914,9.204813957214355,8.890533447265625,9.984914779663086,8.780194282531738,9.065112113952637,9.53293228149414,10.204349517822266
330,7.584022521972656,9.23491668701172,7.991552352905273,10.021472930908203,11.676417350769045,10.747746467590332,9.580068588256836,10.163758277893066
331,7.65386438369751,9.108624458312988,8.07475471496582,10.202858924865724,9.105486869812012,9.172831535339355,9.67982292175293,10.358877182006836
332,8.263053894042969,9.355692863464355,8.958352088928223,10.457298278808594,9.772891998291016,9.148354530334473,9.710139274597168,10.564498901367188
333,7.632209300994873,9.177056312561035,8.058549880981445,10.120755195617676,11.95226764678955,9.04547119140625,9.691045761108398,10.390042304992676
334,7.508006572723389,9.15469741821289,7.995019435882568,10.23298168182373,7.407413959503174,9.138937950134276,9.723546028137209,10.42576503753662
335,7.597358703613281,9.16796588897705,8.0416259765625,10.13877010345459,8.135979652404785,9.041512489318848,9.706859588623049,10.425066947937012
336,8.200132369995117,9.178317070007324,8.818487167358398,10.098675727844238,11.726893424987791,9.097423553466797,9.605814933776855,10.282095909118652
337,7.813303470611572,9.333908081054688,8.130949974060059,10.288753509521484,8.598271369934082,10.90249252319336,9.69138240814209,10.46058177947998
338,7.487494468688965,9.319513320922852,8.059605598449707,10.391294479370115,8.691181182861328,9.137975692749023,9.80038833618164,10.515869140625
339,7.826493740081787,9.098431587219238,8.081992149353027,10.038777351379396,12.098223686218262,10.852580070495604,9.499216079711914,10.011008262634276
340,7.947521209716797,9.303141593933104,8.071061134338379,10.037482261657717,11.829195022583008,9.031570434570312,9.647457122802734,10.02694320678711
341,8.249510765075684,9.079218864440918,8.732924461364746,10.010011672973633,12.095705032348633,9.075776100158691,9.49913215637207,9.943889617919922
342,7.670458793640137,9.134598731994627,8.10386848449707,9.951507568359377,9.379953384399414,8.87631893157959,9.62362575531006,10.289324760437012
343,8.179669380187988,9.212039947509766,8.617132186889648,9.983648300170898,11.889251708984377,10.797847747802734,9.572650909423828,9.997894287109377
344,7.667305946350098,9.05862045288086,7.960281848907471,10.109121322631836,9.67234230041504,9.12038516998291,9.589818000793455,10.323122024536133
345,7.627710819244385,9.13381576538086,8.021759033203125,10.342787742614746,11.875911712646484,9.159292221069336,9.702962875366213,10.494894981384276
346,8.240474700927734,9.116009712219238,8.740680694580078,10.105886459350586,11.379734992980955,10.598379135131836,9.63033390045166,10.2406005859375
347,7.78230094909668,9.299951553344728,8.044539451599121,10.035648345947266,11.98301887512207,9.033560752868652,9.647001266479492,9.934094429016112
348,7.621673583984375,9.221877098083496,8.080283164978027,10.192806243896484,8.333605766296387,9.14341640472412,9.675600051879885,10.41757869720459
349,7.632073402404785,9.228108406066896,8.03067398071289,10.365981101989746,9.79836654663086,9.159578323364258,9.717827796936035,10.503719329833984
350,7.750129222869873,9.032889366149902,8.058686256408691,9.934643745422363,8.095251083374023,9.100778579711914,9.570723533630373,10.098031044006348
351,8.37861156463623,9.41273021697998,8.920897483825684,10.26555061340332,9.91562843322754,10.794669151306152,9.84468936920166,10.388874053955078
352,8.637924194335938,9.216545104980469,9.177021026611328,10.109577178955078,8.634140014648438,10.443099975585938,9.64787483215332,10.443687438964844
353,7.980679988861084,9.299939155578612,8.344447135925293,9.679826736450195,8.5403470993042,8.837530136108398,9.61380100250244,10.276689529418944
354,8.363191604614258,9.215184211730955,8.807188987731934,10.097097396850586,9.574141502380373,11.100534439086914,9.715044021606444,10.42791748046875
355,7.773589134216309,9.253816604614258,8.13169002532959,10.287128448486328,8.742752075195312,10.555426597595217,9.711929321289062,10.47225570678711
356,7.443275451660156,9.283100128173828,7.900394916534424,10.29933738708496,9.0006685256958,10.9823579788208,9.700109481811523,10.446330070495604
357,7.579209804534912,9.208538055419922,8.01374340057373,10.10976219177246,11.676130294799805,9.082143783569336,9.65732192993164,10.334900856018066
358,7.757449626922607,9.271342277526855,8.107040405273438,9.999865531921388,12.042105674743652,9.027776718139648,9.669328689575195,9.94223976135254
359,7.963654041290283,9.155122756958008,8.261573791503906,10.01880168914795,9.050881385803224,10.54521369934082,9.63608169555664,10.158522605895996
360,7.529861927032471,9.312405586242676,8.06088924407959,10.344613075256348,9.4983491897583,9.114974975585938,9.795477867126465,10.525710105895996
361,8.336841583251953,9.187565803527832,8.92047119140625,10.116869926452637,9.307491302490234,10.685617446899414,9.674932479858398,10.275259017944336
362,8.309855461120605,9.140711784362791,8.804497718811035,10.135467529296877,9.597227096557615,9.13421630859375,9.652702331542969,10.405704498291016
363,7.826608657836914,9.17883014678955,8.114599227905273,10.231048583984377,9.554128646850586,10.881004333496094,9.670928955078123,10.430299758911133
364,7.573003768920898,9.32023811340332,8.073630332946777,10.313647270202637,11.470943450927734,10.514988899230955,9.770570755004885,10.591598510742188
365,7.742775917053223,9.179974555969238,8.049939155578613,10.134587287902832,11.78689956665039,9.086161613464355,9.611351013183594,10.245522499084473
366,7.55607271194458,9.157012939453123,8.039618492126465,10.268136978149414,9.168135643005373,9.438039779663086,9.730481147766112,10.41761589050293
367,7.962646484375,9.30141258239746,8.065640449523926,9.99484634399414,11.911469459533691,10.780512809753418,9.643318176269531,9.941475868225098
368,7.77773904800415,9.073535919189451,8.04171085357666,9.730673789978027,9.271157264709473,8.880763053894043,9.507744789123535,10.236639022827148
369,7.600413799285889,9.10107707977295,8.03452205657959,10.191327095031738,7.745898246765137,9.110139846801758,9.66049098968506,10.33933162689209
370,8.401748657226562,9.240874290466309,8.801154136657715,10.105985641479492,8.814568519592285,9.05160903930664,9.659808158874512,10.27133560180664
371,7.623705863952637,9.448736190795898,8.046419143676758,10.15917682647705,12.17641544342041,9.077120780944824,9.854114532470703,10.316421508789062
372,7.87434196472168,9.19647216796875,8.180705070495605,10.17887020111084,8.265267372131348,9.11595630645752,9.746363639831545,10.433860778808594
373,7.682417392730713,9.2227144241333,8.047723770141602,10.124472618103027,8.074934959411621,9.166869163513184,9.719956398010254,10.295276641845703
374,7.368052959442139,9.252375602722168,7.844193935394287,10.29873275756836,8.799918174743652,9.120734214782717,9.66282844543457,10.445061683654783
375,8.462469100952148,9.217687606811523,8.905376434326172,9.932354927062988,11.730228424072266,10.74472427368164,9.575798988342283,10.014902114868164
376,7.660627365112305,9.299184799194336,7.99621057510376,10.286489486694336,8.501909255981445,11.08388614654541,9.738993644714355,10.532126426696776
377,7.589206218719482,9.234993934631348,8.015863418579102,10.36659049987793,8.716079711914062,9.165958404541016,9.701292991638184,10.534342765808104
378,7.670823574066162,9.440420150756836,8.014421463012695,10.116419792175291,12.063604354858398,9.094185829162598,9.825756072998049,10.241494178771973
379,7.923376083374023,9.358884811401367,8.046218872070312,10.007367134094238,11.959534645080566,9.179718017578123,9.667983055114746,9.988574028015137
380,7.67076826095581,9.154972076416016,8.074688911437988,10.238736152648926,11.605793952941896,9.111150741577148,9.752341270446776,10.483036994934082
381,8.754895210266113,9.163217544555664,8.952585220336914,10.004321098327637,11.869362831115724,10.780653953552246,9.567766189575195,9.928326606750488
382,7.439242362976074,9.472208023071287,7.950871467590332,10.39431381225586,9.070860862731934,9.083471298217772,9.771693229675291,10.549199104309082
383,7.802186489105225,9.392573356628418,8.007404327392578,9.984914779663086,11.971230506896973,10.694729804992676,9.666410446166992,9.97560977935791
384,7.776941776275635,9.095939636230469,8.205368995666504,10.197637557983398,11.184587478637695,9.00719928741455,9.717135429382324,10.327840805053713
385,7.705362319946289,9.010777473449709,8.161839485168457,9.81718635559082,9.468077659606934,8.90993881225586,9.573834419250488,10.22989559173584
386,7.793319702148437,9.06442928314209,8.062088012695312,9.993335723876951,11.724649429321287,9.01699161529541,9.518781661987305,10.066886901855469
387,7.912811279296875,9.10682201385498,8.38516902923584,10.000213623046877,11.980533599853516,9.021184921264648,9.549851417541504,10.01653003692627
388,8.523612976074219,9.376497268676758,8.843705177307129,10.076437950134276,11.365849494934082,10.638381004333496,9.754638671875,10.189356803894045
389,7.496222972869873,9.30625343322754,8.052847862243652,10.319555282592772,8.33317756652832,9.179678916931152,9.704017639160156,10.479662895202637
390,7.410128116607666,9.24897289276123,7.927080631256103,10.259774208068848,9.195539474487305,9.158123970031738,9.663763046264648,10.393537521362305
391,7.849291801452637,9.10245132446289,8.072783470153809,10.000636100769045,12.120559692382812,10.788053512573242,9.504232406616213,9.937475204467772
392,8.427388191223145,9.292963981628418,8.9227933883667,9.968188285827637,11.640376091003418,10.78316879272461,9.653316497802734,10.029458999633787
393,7.702555179595947,9.219645500183104,8.044882774353027,10.240689277648926,9.816596031188965,9.25275421142578,9.739768028259276,10.464608192443848
394,7.459037780761719,9.208491325378418,8.026857376098633,10.208036422729492,8.31379508972168,9.06382656097412,9.663535118103027,10.294588088989258
395,8.752848625183105,9.135513305664062,9.010186195373535,9.989819526672363,12.116522789001465,10.675213813781738,9.53168487548828,9.998109817504885
396,8.535507202148438,9.150171279907228,8.836462020874023,10.058639526367188,11.284245491027832,10.703295707702637,9.61788272857666,10.121010780334473
397,7.6418657302856445,9.207464218139648,7.997125625610352,10.104430198669434,11.645708084106444,9.066886901855469,9.671930313110352,10.244532585144045
398,7.700825214385986,9.368810653686523,8.066672325134277,10.029958724975586,11.71574878692627,10.782730102539062,9.714070320129396,10.117425918579102
399,8.263986587524414,9.452974319458008,8.910320281982422,10.307754516601562,9.636907577514648,9.049439430236816,9.891501426696776,10.421274185180664
400,7.633378505706787,9.231679916381836,8.05645751953125,10.115470886230469,12.214167594909668,9.01290512084961,9.66938304901123,10.269107818603516
401,7.56174898147583,9.236242294311523,8.011275291442871,10.111729621887209,10.085858345031738,9.142107009887695,9.744951248168944,10.23229694366455
402,7.942660331726074,9.320666313171388,8.048067092895508,10.00424098968506,11.960010528564451,10.831233024597168,9.661500930786133,9.948365211486816
403,7.800821781158447,9.311568260192873,8.065469741821289,10.001890182495115,11.5446138381958,10.755982398986816,9.65012550354004,10.08132553100586
404,8.310482025146484,9.149636268615724,8.803539276123047,10.11558723449707,9.701947212219238,9.197930335998535,9.655848503112791,10.403998374938965
405,8.279123306274414,9.185592651367188,8.934788703918457,10.231907844543455,11.108534812927246,9.084724426269531,9.74814510345459,10.451953887939451
406,7.575309753417969,9.111960411071776,8.00777530670166,10.261530876159668,12.554693222045898,9.15505313873291,9.675944328308104,10.44802188873291
407,7.757595062255859,9.27225112915039,8.114985466003418,10.339045524597168,11.623428344726562,10.45461654663086,9.773982048034668,10.613665580749512
408,7.445261001586914,9.212759017944336,7.990167617797852,10.177605628967283,9.734341621398926,9.076708793640137,9.702980995178224,10.29927921295166
409,7.56272554397583,9.232961654663086,8.054522514343262,10.107667922973633,11.88040828704834,9.072096824645996,9.679976463317873,10.315199851989746
410,8.202189445495605,9.16024684906006,8.760674476623535,10.06239891052246,8.612924575805664,9.04665756225586,9.59074592590332,10.24021339416504
411,7.551908016204834,9.38865852355957,7.992190361022949,10.322954177856444,7.738675594329834,11.212007522583008,9.8673095703125,10.471479415893556
412,7.572676658630371,9.224748611450195,8.091684341430664,10.200798034667969,8.203813552856445,9.06064796447754,9.744186401367188,10.4072265625
413,8.329978942871094,9.121835708618164,8.80581283569336,10.11494255065918,8.899262428283691,9.108457565307615,9.616703033447266,10.375493049621582
414,7.627050399780273,9.246718406677246,8.05214786529541,10.15473747253418,11.064789772033691,9.104732513427734,9.696890830993652,10.38615608215332
415,7.562614440917969,9.28330421447754,7.93926191329956,10.243892669677734,8.471037864685059,9.205643653869627,9.71219539642334,10.422231674194336
416,8.566640853881836,9.385908126831056,9.232831001281738,9.789952278137209,8.525655746459961,8.849470138549805,9.74062156677246,10.359323501586914
417,8.670374870300293,9.27049160003662,8.885698318481445,9.963712692260742,11.993735313415527,8.965048789978027,9.611638069152832,9.902056694030762
418,8.304065704345703,9.39361572265625,8.899347305297852,10.23203182220459,9.4415864944458,9.128440856933594,9.813817024230955,10.34384536743164
419,8.500322341918945,9.222639083862305,8.925798416137695,10.125075340270996,8.746716499328613,10.620427131652832,9.591514587402344,10.320292472839355
420,8.42225170135498,9.25031852722168,8.882304191589355,9.646344184875488,9.421096801757812,8.784724235534668,9.475875854492188,10.197479248046877
421,7.745847225189209,9.105819702148438,8.125509262084961,10.104696273803713,8.756415367126465,9.078837394714355,9.725380897521973,10.334501266479492
422,8.086942672729492,9.088117599487305,8.480572700500488,9.972521781921388,8.853800773620605,10.551447868347168,9.57835578918457,10.10170841217041
423,8.030375480651855,9.028772354125977,8.477880477905273,9.941718101501465,11.90634536743164,8.982237815856934,9.577359199523926,10.177309036254885
424,7.968389511108398,9.10001277923584,8.10443115234375,9.994952201843262,12.20429801940918,9.03053855895996,9.509334564208984,9.91807746887207
425,7.825699329376221,9.089858055114746,8.093326568603516,9.975472450256348,8.224665641784668,8.886052131652832,9.58267307281494,10.276281356811523
426,7.764196395874023,9.326223373413086,8.009073257446289,10.13507080078125,9.504255294799805,11.02470588684082,9.749754905700684,10.290786743164062
427,8.164216995239258,9.16726303100586,8.836174964904785,9.504003524780272,9.180412292480469,8.737032890319824,9.409818649291992,10.011706352233888
428,8.387191772460938,9.220696449279783,8.827823638916016,9.523687362670898,9.28095531463623,8.738943099975586,9.40744686126709,10.049239158630373
429,8.67071533203125,9.33242416381836,9.163357734680176,10.272531509399414,12.473942756652832,9.00942039489746,9.719482421875,10.554945945739746
430,7.789355278015137,9.050973892211914,8.17751407623291,9.971978187561035,11.713196754455566,10.53180980682373,9.484187126159668,10.020989418029783
431,7.690266132354736,9.408976554870604,8.140186309814453,10.13284969329834,10.230194091796877,9.031216621398926,9.83780288696289,10.43250846862793
432,7.573941707611084,9.245854377746582,8.06076431274414,10.284712791442873,11.040607452392578,9.124760627746582,9.749021530151367,10.4917573928833
433,7.614790916442871,9.052882194519045,8.005505561828613,10.084054946899414,9.754262924194336,9.141746520996094,9.660689353942873,10.228249549865724
434,8.22571849822998,9.234707832336426,8.82574462890625,9.51328182220459,9.262264251708984,8.76063060760498,9.450264930725098,10.117547035217283
435,8.272257804870605,9.169049263000488,8.651918411254883,10.13515281677246,8.899441719055176,9.115179061889648,9.617820739746094,10.24675750732422
436,7.844302654266357,9.274249076843262,8.139853477478027,10.141128540039062,9.954303741455078,10.677216529846191,9.734432220458984,10.380585670471191
437,8.561942100524902,9.236860275268556,8.979104995727539,10.360451698303224,9.874213218688965,10.951460838317873,9.748992919921877,10.430127143859863
438,7.617740154266357,9.25399112701416,8.040764808654785,10.378053665161133,11.913135528564451,9.046107292175291,9.76730728149414,10.54100227355957
439,7.689538478851318,9.11886215209961,8.06607437133789,10.118779182434082,8.697432518005371,9.210975646972656,9.691121101379396,10.28652286529541
440,8.000500679016113,9.196059226989746,8.296055793762207,10.11184024810791,9.71108627319336,9.187614440917969,9.704232215881348,10.357266426086426
441,7.523721218109131,9.220990180969238,8.005023002624512,10.20290756225586,8.078633308410645,10.888051986694336,9.708258628845217,10.342866897583008
442,8.258698463439941,9.177908897399902,8.833736419677734,10.307042121887209,9.83169937133789,9.101590156555176,9.594402313232422,10.42030906677246
443,8.005112648010254,9.090312004089355,8.248040199279785,10.092659950256348,9.875856399536133,9.234149932861328,9.6847505569458,10.32436466217041
444,7.629438877105713,9.262608528137209,7.928153991699219,10.380349159240724,9.550546646118164,11.149062156677246,9.62122631072998,10.516127586364746
445,7.597001075744629,9.454779624938965,8.0378999710083,10.154508590698242,12.10176944732666,8.912447929382324,9.894232749938965,10.477858543395996
446,7.508622646331787,9.22239589691162,8.02634334564209,10.216856002807615,8.321921348571777,9.036731719970703,9.709693908691406,10.46074676513672
447,7.96366548538208,9.317987442016602,8.486732482910156,10.413326263427734,9.907110214233398,9.112618446350098,9.686017036437988,10.443800926208496
448,7.58328104019165,9.155932426452637,7.96982479095459,10.05520248413086,11.69633960723877,9.105145454406738,9.627630233764648,10.256043434143066
449,7.392342567443848,9.27561092376709,7.898266315460205,10.334585189819336,9.418851852416992,9.238883972167969,9.714094161987305,10.488207817077637
450,8.042168617248535,9.134449005126951,8.296831130981445,10.135321617126465,8.886701583862305,9.110447883605955,9.645033836364746,10.416230201721191
451,7.674333095550537,9.338167190551758,8.014358520507812,10.17849063873291,9.726584434509276,10.99306297302246,9.753528594970703,10.404088973999023
452,8.509769439697266,9.349109649658203,8.787603378295898,10.05337905883789,11.127034187316896,10.57098388671875,9.705745697021484,10.12097454071045
453,8.210844993591309,9.32663631439209,8.859684944152832,9.58790111541748,9.310346603393556,8.77845287322998,9.505496978759766,10.067232131958008
454,7.743123054504394,9.1716947555542,8.15372085571289,9.49208927154541,9.05136013031006,8.74789810180664,9.361495018005373,9.972601890563965
455,8.105568885803223,9.027876853942873,8.665487289428711,9.902328491210938,12.04409885406494,8.945305824279785,9.45849323272705,9.933001518249512
456,7.698231697082519,9.112641334533691,8.057915687561035,9.981877326965332,11.972418785095217,10.64130687713623,9.56420612335205,9.985157012939451
457,8.52696418762207,9.124147415161133,9.010973930358888,9.968562126159668,8.799346923828125,10.327625274658203,9.555999755859377,10.170523643493652
458,7.657119750976562,9.162113189697266,8.055933952331543,10.2582368850708,8.61142635345459,9.01951503753662,9.673731803894045,10.352015495300291
459,7.642675399780273,9.16020965576172,8.013239860534668,10.030508041381836,12.246809005737305,8.985738754272461,9.54609489440918,10.078972816467283
460,7.566614627838135,9.29335880279541,7.962729930877685,10.139055252075195,7.4172210693359375,9.47519874572754,9.718378067016602,10.32923412322998
461,7.693638324737549,9.165410995483398,8.09276008605957,9.968114852905272,11.592496871948242,9.012792587280272,9.630208969116213,10.39816665649414
462,7.688708305358887,9.22141170501709,8.032825469970703,10.136677742004396,11.930434226989746,9.122838973999023,9.65445327758789,10.279004096984863
463,7.7551727294921875,9.128829002380373,8.17041301727295,10.24342155456543,11.729878425598145,8.935443878173828,9.723133087158203,10.422929763793944
464,7.602950096130371,9.244619369506836,8.088818550109863,10.188730239868164,8.043983459472656,10.771498680114746,9.66876220703125,10.345943450927734
465,7.680196285247803,9.08843994140625,8.077467918395996,9.94304370880127,8.349776268005371,8.884657859802246,9.553629875183104,10.197041511535645
466,7.551479339599609,9.177117347717283,8.030495643615723,10.157140731811523,7.564831256866455,9.152313232421877,9.661572456359863,10.288339614868164
467,7.775345325469971,9.125784873962402,8.052200317382812,10.173189163208008,9.729822158813477,11.092289924621582,9.681498527526855,10.400547981262209
468,7.707592010498047,9.183889389038086,8.053180694580078,10.17358684539795,7.911301136016846,9.187426567077637,9.654623031616213,10.382332801818848
469,7.658204078674316,9.242647171020508,8.018715858459473,10.419713020324709,9.851593017578123,9.096888542175291,9.645841598510742,10.538844108581545
470,8.008587837219238,9.080657958984377,8.373306274414062,9.880608558654783,7.994358539581299,9.0089750289917,9.49921989440918,10.173331260681152
471,7.50011682510376,9.189324378967283,7.989627361297607,9.996960639953612,8.84863567352295,8.8873872756958,9.529297828674316,10.344844818115234
472,7.77839469909668,9.082122802734377,8.044217109680176,10.046747207641602,9.748920440673828,9.138909339904783,9.615615844726562,10.328657150268556
473,7.625502586364746,9.084681510925291,8.053837776184082,9.934207916259766,12.053171157836914,8.910138130187988,9.562500953674316,10.146169662475586
474,8.49595832824707,9.118377685546877,8.804259300231934,9.970584869384766,11.850886344909668,8.977496147155762,9.57623291015625,10.152807235717772
475,7.745150089263916,9.002885818481445,8.167739868164062,9.995534896850586,11.706738471984863,8.999285697937012,9.523183822631836,10.151558876037598
476,8.081618309020996,9.003277778625488,8.668622970581055,9.8892183303833,12.153656005859377,9.000297546386719,9.4815673828125,10.0503511428833
477,7.520180702209473,9.253706932067873,7.880791664123535,10.31037425994873,8.631622314453125,11.289406776428224,9.527112007141112,10.372401237487791
478,7.641156673431396,9.243184089660645,7.971610069274902,10.33042049407959,8.713554382324219,11.012090682983398,9.67833137512207,10.458191871643066
479,8.276684761047363,9.164944648742676,8.866999626159668,10.079517364501951,9.4691162109375,10.692785263061523,9.640169143676758,10.205878257751465
480,7.545245170593262,9.213411331176758,8.051851272583008,10.055609703063965,7.859981536865234,9.019514083862305,9.671409606933594,10.39138412475586
481,7.630975246429443,9.134462356567385,8.019164085388184,10.075075149536133,11.891274452209473,9.00602912902832,9.554059028625488,10.110727310180664
482,8.315649032592773,9.444388389587402,8.89182186126709,10.423998832702637,9.552895545959473,9.15023422241211,9.798855781555176,10.454172134399414
483,7.548242092132568,9.22110366821289,8.034149169921875,10.297433853149414,8.12407112121582,9.161897659301758,9.664555549621582,10.400120735168455
484,7.679681301116943,9.21044921875,8.120346069335938,10.293475151062012,11.280736923217772,9.12103271484375,9.761478424072266,10.522412300109863
485,8.739800453186035,9.136347770690918,8.971306800842285,9.980814933776855,11.897016525268556,10.744277000427246,9.518315315246582,9.978033065795898
486,7.946638107299805,9.164916038513184,8.256820678710938,10.040826797485352,9.032309532165527,10.62020206451416,9.630571365356444,10.15572452545166
487,7.530561447143555,9.230592727661133,8.03365707397461,10.218639373779297,8.07500171661377,9.15011978149414,9.667863845825195,10.324251174926758
488,7.679749488830566,9.171881675720217,8.044002532958984,10.092707633972168,12.051262855529783,9.148383140563965,9.605152130126951,10.278249740600586
489,8.609780311584473,9.339287757873535,9.003838539123535,10.339447975158691,9.78887176513672,10.876137733459473,9.73802375793457,10.433176040649414
490,7.769752025604248,9.169376373291016,8.064587593078613,10.067556381225586,8.040677070617676,9.058490753173828,9.67593765258789,10.263911247253418
491,7.517667293548584,9.284942626953123,8.012804985046387,10.303815841674805,8.43102741241455,9.22127914428711,9.729936599731444,10.40993595123291
492,8.610823631286621,9.13535976409912,9.13595199584961,10.176132202148438,8.722442626953125,10.394407272338867,9.634848594665527,10.38646125793457
493,7.867719650268555,9.146764755249023,8.080512046813965,10.029952049255373,11.524977684020996,10.430401802062988,9.618098258972168,10.231136322021484
494,7.891157150268555,9.185683250427246,8.192081451416016,10.40518283843994,9.76461696624756,10.964251518249512,9.728507995605469,10.412179946899414
495,7.514157772064209,9.240662574768066,7.958182811737059,10.176605224609377,8.430960655212402,9.058767318725586,9.60758113861084,10.199798583984377
496,7.772824764251709,9.113786697387695,8.072854042053223,10.043231964111328,12.200013160705566,10.76641082763672,9.516560554504396,10.040560722351074
497,7.44546365737915,9.194124221801758,8.064189910888672,10.04825210571289,8.248591423034668,8.909133911132812,9.636896133422852,10.292951583862305
498,7.974149703979492,9.083009719848633,8.362082481384277,9.954569816589355,8.896289825439453,10.382912635803224,9.560213088989258,10.098291397094728
499,7.614153861999512,9.226410865783691,8.031638145446777,10.251455307006836,8.075475692749023,9.119303703308104,9.702314376831056,10.45448875427246
500,8.555900573730469,9.294806480407717,9.22026252746582,9.863455772399902,8.446497917175293,8.862862586975098,9.778239250183104,10.305485725402832
501,8.350393295288086,9.275053024291992,8.848102569580078,10.037031173706056,12.085541725158691,10.741111755371094,9.717434883117676,9.990156173706056
502,8.528060913085938,9.106740951538086,8.8605375289917,10.12643051147461,11.81199836730957,10.71475315093994,9.62722110748291,10.17531681060791
503,8.286783218383789,9.365714073181152,8.87792682647705,10.41027545928955,9.813069343566896,10.828656196594238,9.75387954711914,10.467398643493652
504,7.61527681350708,9.479914665222168,7.942386150360107,10.358189582824709,8.737064361572266,9.06556224822998,9.69681167602539,10.499849319458008
505,7.784204483032227,9.25795555114746,8.08604907989502,10.151965141296388,8.807287216186523,10.958781242370604,9.634634971618652,10.271730422973633
506,7.84810733795166,9.0751314163208,8.172845840454102,9.898550033569336,7.354686260223389,8.904146194458008,9.575676918029783,10.290497779846191
507,8.443693161010742,9.159065246582031,8.941957473754883,9.84385108947754,8.378167152404785,8.894454956054688,9.56982421875,10.074820518493652
508,8.397741317749023,9.17054271697998,8.868318557739258,10.064579963684082,11.342852592468262,10.495113372802734,9.644254684448242,10.162826538085938
509,8.633102416992188,9.088418960571287,9.049080848693848,10.002246856689451,11.304000854492188,10.467819213867188,9.590441703796388,10.138115882873535
510,7.531791687011719,9.249433517456056,8.040872573852539,10.254262924194336,8.27470874786377,9.178457260131836,9.729639053344728,10.397769927978516
511,8.31979751586914,9.11756706237793,8.84317398071289,10.174403190612791,9.700702667236328,11.00747299194336,9.604612350463867,10.410723686218262
512,7.571974277496338,9.1423978805542,8.05577564239502,10.225801467895508,8.738439559936523,9.071927070617676,9.740169525146484,10.37385368347168
