index,metric/task_gsm8k_val_loss,metric/task_arc_easy_val_loss,metric/task_hellaswag_val_loss,metric/task_piqa_val_loss,metric/task_sciq_val_loss,metric/task_commoncrawl_val_loss,metric/task_logiqa_val_loss,metric/task_kodcode_val_loss,metric/task_arc_challenge_val_loss
1,6.089487075805664,5.663132190704346,5.458221435546875,5.69146728515625,5.811513423919678,5.762697219848633,5.44276762008667,3.2925493717193604,5.635810375213623
2,5.825180530548096,5.237918376922607,5.194541931152344,5.296779632568359,5.355692863464356,5.314170837402344,5.089412689208984,3.968018054962158,5.240104675292969
3,5.98723030090332,5.539247989654541,5.353801250457764,5.532896995544434,5.595422267913818,5.622281551361084,5.321910381317139,3.5433428287506104,5.543845176696777
4,5.877675533294678,5.159647941589356,5.50004768371582,5.85892915725708,5.389434814453125,5.2516961097717285,5.152486324310303,4.572677135467529,5.17088508605957
5,5.841198444366455,5.439965724945068,5.362801551818848,5.591644763946533,5.509946346282959,5.404463768005371,5.231898784637451,3.641754388809204,5.4116621017456055
6,5.817542552947998,5.470468521118164,5.120337009429932,5.229035377502441,5.361695289611816,5.42776346206665,5.0485053062438965,4.235398292541504,5.43882417678833
7,6.06833553314209,5.574715614318848,5.400452613830566,5.606027603149414,5.589556694030762,5.535313129425049,5.319465160369873,3.680521726608277,5.534557342529297
8,6.159849643707275,5.380742073059082,5.646794319152832,6.144564151763916,5.623994827270508,5.490418434143066,5.363615989685059,3.4518415927886963,5.399056434631348
9,6.380467414855957,5.856724739074707,5.925535202026367,6.555686950683594,6.160971641540527,5.982777118682861,5.726129531860352,3.270702362060547,5.862343788146973
10,5.788107872009277,5.250033855438232,5.179869174957275,5.337522983551025,5.414534091949463,5.386147975921631,5.124116897583008,3.911259174346924,5.237049579620361
11,5.899130821228027,5.351321697235107,5.37567138671875,5.686333656311035,5.45084810256958,5.327310562133789,5.17777156829834,3.7475974559783936,5.340582847595215
12,6.01016092300415,5.694433689117432,5.408811092376709,5.543764591217041,5.618630409240723,5.672125339508057,5.305742263793945,4.661725044250488,5.67380952835083
13,5.824955463409424,5.323832988739014,5.408931732177734,5.645877361297607,5.457916259765625,5.362249851226807,5.198929786682129,3.606083869934082,5.310161113739014
14,6.116160869598389,5.499926567077637,5.630367279052734,6.190256118774414,5.61781120300293,5.541589260101318,5.378332614898682,4.54791784286499,5.522047996520996
15,5.85184907913208,5.134781360626221,5.327747821807861,5.518123626708984,5.372110366821289,5.255563735961914,5.110391616821289,4.141697406768799,5.152637958526611
16,5.800212860107422,5.204338073730469,5.209710597991943,5.361800193786621,5.365318298339844,5.325099945068359,5.1099371910095215,4.508966445922852,5.218286037445068
17,5.865871429443359,5.098135948181152,5.416809558868408,5.7198166847229,5.36464786529541,5.244773864746094,5.124512672424316,4.746948719024658,5.129411697387695
18,6.138572692871094,5.636862277984619,5.645032405853272,6.223788738250732,5.642131805419922,5.576157093048096,5.40427303314209,4.71466875076294,5.646985530853272
19,6.104564189910889,5.446649074554443,5.346710205078125,5.5609869956970215,5.567790508270264,5.481923580169678,5.243319511413574,3.7597744464874263,5.459245681762695
20,5.827945232391357,5.235530853271484,5.178103923797607,5.3305344581604,5.394926071166992,5.338399410247803,5.090400218963623,3.675406455993652,5.236898899078369
21,5.806177616119385,5.1424078941345215,5.171079635620117,5.295114040374756,5.35834264755249,5.340160846710205,5.088234901428223,4.727713108062744,5.172122478485107
22,5.971705913543701,5.29261589050293,5.5151047706604,5.983965396881104,5.474335193634033,5.343284606933594,5.231258392333984,3.668939113616944,5.293452739715576
23,5.921145915985107,5.278892517089844,5.5097856521606445,5.930362224578857,5.439540863037109,5.3128275871276855,5.207576274871826,3.79503870010376,5.275870323181152
24,5.93153190612793,5.096782684326172,5.518770694732666,5.937302112579346,5.3851189613342285,5.2503204345703125,5.161518573760986,5.224606037139893,5.131159782409668
25,5.937643527984619,5.339221000671387,5.480204582214356,5.977126121520996,5.50461483001709,5.413236141204834,5.270421028137207,3.7532126903533936,5.367654323577881
26,6.016794204711914,5.403269767761231,5.538696765899658,6.04045295715332,5.509471416473389,5.380249977111816,5.2664079666137695,3.598031759262085,5.395375728607178
27,5.919392108917236,5.140119552612305,5.498414039611816,5.905396461486816,5.397304534912109,5.251504421234131,5.145663738250732,5.294358253479004,5.160412311553955
28,6.031423091888428,5.3657331466674805,5.484570026397705,5.898561477661133,5.54681396484375,5.405732154846191,5.2502875328063965,3.657570123672485,5.375204563140869
29,6.0325140953063965,5.692781925201416,5.370723724365234,5.567389011383057,5.63475513458252,5.727923393249512,5.339272499084473,3.7125203609466553,5.658133029937744
30,6.280272006988525,6.106818199157715,5.774037837982178,6.031398773193359,6.227078914642334,6.180811405181885,5.744940280914307,3.249300241470337,6.0656585693359375
31,5.897775650024414,5.711587429046631,5.1329450607299805,5.21108341217041,5.382391929626465,5.471046447753906,5.036641597747803,5.3654375076293945,5.641915321350098
32,5.848597049713135,5.399303436279297,5.254721641540527,5.385839939117432,5.486447811126709,5.452695846557617,5.171897888183594,3.82912278175354,5.371114253997803
33,5.941234111785889,5.328384876251221,5.335935592651367,5.609325885772705,5.498273849487305,5.3949785232543945,5.218453407287598,3.4386487007141118,5.322963237762451
34,6.018724918365479,5.2627129554748535,5.517212867736816,5.979372501373291,5.467827796936035,5.319869041442871,5.227372169494629,3.684902667999268,5.274153709411621
35,6.071566104888916,5.572056770324707,5.427473068237305,5.64024829864502,5.761303424835205,5.718879222869873,5.40411901473999,3.3832192420959477,5.55797004699707
36,5.942664623260498,5.123527526855469,5.515178680419922,5.937375545501709,5.387118816375732,5.254288673400879,5.165228843688965,4.580783367156982,5.143265247344971
37,5.785365581512451,5.323326110839844,5.134929180145264,5.233282566070557,5.354148864746094,5.362796306610107,5.048777103424072,4.444797992706299,5.315046310424805
38,5.887351989746094,5.356166839599609,5.505188941955566,5.959619998931885,5.440521717071533,5.323442459106445,5.205397129058838,3.86534595489502,5.3586530685424805
39,6.028460502624512,5.431401252746582,5.397444248199463,5.659049987792969,5.543842792510986,5.445796966552734,5.26753044128418,3.360109806060791,5.416538715362549
40,5.920798778533936,5.205679416656494,5.52182674407959,5.930330276489258,5.405311107635498,5.254024028778076,5.160208702087402,4.365702629089356,5.214486598968506
41,5.782598972320557,5.47633171081543,5.189802169799805,5.241182327270508,5.392811298370361,5.420094966888428,5.072671413421631,4.658749103546143,5.444266319274902
42,5.907481670379639,5.725465774536133,5.150887489318848,5.2232866287231445,5.384040355682373,5.471583366394043,5.039978981018066,5.385207176208496,5.653782844543457
43,6.036070823669434,5.509471416473389,5.344075679779053,5.59364652633667,5.618491172790527,5.522194862365723,5.298799991607666,3.4829351902008057,5.505024433135986
44,5.835926532745361,5.490243911743164,5.17673397064209,5.2336249351501465,5.373164653778076,5.416008949279785,5.062057495117188,4.216348171234131,5.450578689575195
45,6.635129928588867,6.237871170043945,6.526800155639648,7.300481796264648,6.164888858795166,6.352725505828857,5.979936599731445,4.452240943908691,6.248750686645508
46,5.84785270690918,5.182381629943848,5.368045330047607,5.637190818786621,5.373141765594482,5.269091606140137,5.127147674560547,4.024518966674805,5.198504447937012
47,5.84194803237915,5.58190393447876,5.145232200622559,5.220437049865723,5.375704288482666,5.406616687774658,5.030047416687012,5.273904800415039,5.528078079223633
48,6.038934230804443,5.543614387512207,5.612044334411621,6.154155731201172,5.585395336151123,5.526398658752441,5.354887962341309,4.299079418182373,5.556777000427246
49,5.806933403015137,5.231282711029053,5.174531936645508,5.309785842895508,5.367023944854736,5.344692230224609,5.097149848937988,3.968241453170776,5.241390705108643
50,5.816200256347656,5.414011955261231,5.168305397033691,5.3245697021484375,5.418516159057617,5.447508811950684,5.10606050491333,3.910399198532105,5.376591682434082
51,5.965994834899902,5.343775749206543,5.220824241638184,5.429892539978027,5.480676174163818,5.414320468902588,5.182081699371338,3.569969654083252,5.330742835998535
52,6.28181266784668,5.863577365875244,5.700374126434326,6.023454666137695,6.060767650604248,6.002981662750244,5.63335657119751,3.351287841796875,5.871726036071777
53,5.907297611236572,5.602929592132568,5.224483489990234,5.35325288772583,5.442497253417969,5.531211853027344,5.129008769989014,4.740941047668457,5.556026458740234
54,5.931978702545166,5.349456787109375,5.208444118499756,5.436220169067383,5.464011192321777,5.403864860534668,5.18107271194458,3.692073822021485,5.333104133605957
55,5.885672569274902,5.137852191925049,5.401340007781982,5.726888179779053,5.384840488433838,5.254506587982178,5.12941837310791,4.147315979003906,5.159920692443848
56,5.854410648345947,5.285711765289307,5.380019187927246,5.645586967468262,5.40962553024292,5.301938533782959,5.177658557891846,3.8041539192199703,5.277759075164795
57,5.90293550491333,5.3331403732299805,5.416003227233887,5.691824913024902,5.520235061645508,5.400755405426025,5.25041389465332,4.048880100250244,5.349393844604492
58,6.056793689727783,5.460562229156494,5.430729389190674,5.785635948181152,5.569724082946777,5.441504001617432,5.277414321899414,3.688285827636719,5.449847221374512
59,5.8344340324401855,5.312233924865723,5.157311916351318,5.336864948272705,5.41471529006958,5.366427898406982,5.110313415527344,3.636984825134277,5.311845779418945
60,5.915142059326172,5.720779895782471,5.140203952789307,5.22540283203125,5.386569499969482,5.472523212432861,5.038079261779785,5.391684532165527,5.646656513214111
61,5.832873344421387,5.307360649108887,5.197821140289307,5.380313396453857,5.412646293640137,5.343216896057129,5.1212921142578125,3.751709461212158,5.302664756774902
62,5.899767875671387,5.293135643005371,5.425202369689941,5.818357467651367,5.497491359710693,5.361099720001221,5.222170352935791,3.5053415298461914,5.303774833679199
63,5.800987243652344,5.280354022979736,5.164015769958496,5.281805515289307,5.342809200286865,5.306584358215332,5.073915481567383,4.18849515914917,5.262385845184326
64,5.887303352355957,5.687361717224121,5.140135288238525,5.235334396362305,5.381868839263916,5.453647136688232,5.04941463470459,4.038697242736816,5.612158298492432
65,5.900088310241699,5.165390491485596,5.432973384857178,5.733709812164307,5.386813640594482,5.247894763946533,5.138638019561768,4.809846878051758,5.178360462188721
66,6.334536075592041,5.542533874511719,5.600417137145996,6.0734543800354,5.795781135559082,5.656713008880615,5.4451398849487305,3.374762535095215,5.549123287200928
67,5.8754425048828125,5.254831314086914,5.448246955871582,5.861238479614258,5.437857627868652,5.311704635620117,5.192568302154541,3.684815645217896,5.264818668365479
68,5.844228267669678,5.515052318572998,5.130131244659424,5.207626819610596,5.369279861450195,5.389483451843262,5.02966833114624,5.2468132972717285,5.475387573242188
69,5.89025354385376,5.293017864227295,5.485896587371826,5.9622483253479,5.437445163726807,5.300895690917969,5.214479923248291,3.733483076095581,5.300390720367432
70,5.847591400146484,5.750131130218506,5.140954971313477,5.213284015655518,5.382396221160889,5.452731132507324,5.024534225463867,5.103402614593506,5.663789749145508
71,6.671391487121582,6.369943618774414,6.569607257843018,7.1886749267578125,6.28205680847168,6.725680828094482,6.069216251373291,4.088624954223633,6.400670051574707
72,5.890942096710205,5.09784460067749,5.320676803588867,5.488887786865234,5.353982448577881,5.252286434173584,5.098237037658691,5.485767841339111,5.115209102630615
73,5.911440372467041,5.5990800857543945,5.317063331604004,5.486897945404053,5.538273811340332,5.546789646148682,5.264286994934082,4.614217281341553,5.569045066833496
74,6.0140910148620605,5.488560676574707,5.360383987426758,5.68025016784668,5.533188343048096,5.413513660430908,5.2436394691467285,3.695117473602295,5.463065147399902
75,5.798854827880859,5.572973728179932,5.185482025146484,5.251257419586182,5.403409957885742,5.451564788818359,5.077606678009033,5.050994873046875,5.527298450469971
76,6.138739585876465,5.94280481338501,5.595430850982666,5.81803035736084,5.983845233917236,5.928328037261963,5.5528717041015625,3.348637819290161,5.901727199554443
77,5.829352378845215,5.14408540725708,5.353970050811768,5.537015914916992,5.367500305175781,5.254083156585693,5.108750343322754,4.365904331207275,5.150033473968506
78,5.833740234375,5.36735200881958,5.167820930480957,5.245294094085693,5.353157997131348,5.358681678771973,5.066086769104004,3.988070487976074,5.347968578338623
79,5.848044395446777,5.580245018005371,5.169465065002441,5.234286785125732,5.379599094390869,5.449199199676514,5.058176040649414,4.352541446685791,5.53895378112793
80,5.894991397857666,5.481218338012695,5.223853588104248,5.384576320648193,5.466557025909424,5.488709449768066,5.190834999084473,3.931951284408569,5.456588745117188
81,5.894595146179199,5.149331092834473,5.509824275970459,5.938394546508789,5.388550758361816,5.249695777893066,5.15451717376709,4.885660171508789,5.1744256019592285
82,7.446904182434082,6.965133666992188,7.139180660247803,8.141806602478027,6.7346062660217285,7.483204364776611,6.616939067840576,3.96320390701294,6.9063568115234375
83,6.091869831085205,5.649952411651611,5.482648849487305,5.731851577758789,5.664030075073242,5.602091312408447,5.372136116027832,3.593160390853882,5.607592105865479
84,5.781841278076172,5.24098014831543,5.158110618591309,5.332668781280518,5.357560157775879,5.335400104522705,5.102562427520752,4.201960563659668,5.24534273147583
85,6.653707027435303,6.277472019195557,6.447947025299072,6.952371597290039,6.231944561004639,6.655445575714111,5.983127117156982,4.175400733947754,6.295035362243652
86,5.802383899688721,5.390575885772705,5.163797378540039,5.252035617828369,5.402485370635986,5.420454502105713,5.081595420837402,3.79507064819336,5.374666213989258
87,5.886579513549805,5.338586330413818,5.20828104019165,5.351985931396484,5.456789016723633,5.434678077697754,5.170647621154785,3.468308925628662,5.335915565490723
88,6.22707986831665,5.429683685302734,5.627437114715576,6.1254563331604,5.623953819274902,5.471296310424805,5.356534957885742,3.476541042327881,5.433470249176025
89,6.157449722290039,5.498644828796387,5.540335178375244,5.953797340393066,5.714147090911865,5.568246364593506,5.410887241363525,3.4176158905029297,5.502196311950684
90,5.857991695404053,5.136121273040772,5.4330925941467285,5.713596820831299,5.375070571899414,5.24868631362915,5.12629508972168,4.343778610229492,5.161184787750244
91,6.090432167053223,5.352538108825684,5.556283950805664,6.007390022277832,5.5641632080078125,5.425838947296143,5.292769432067871,3.5116424560546875,5.363228797912598
92,5.853775024414063,5.134999752044678,5.330930233001709,5.575644493103027,5.380404949188232,5.259380340576172,5.10819149017334,4.080831050872803,5.156148433685303
93,5.822106838226318,5.303694725036621,5.187945365905762,5.255545616149902,5.37169361114502,5.347883224487305,5.079246520996094,5.0785112380981445,5.284108638763428
94,5.839329719543457,5.18698787689209,5.337902545928955,5.499250411987305,5.355838298797607,5.254105091094971,5.109264373779297,4.229463577270508,5.189406394958496
95,6.338006973266602,5.741069793701172,5.798940181732178,6.403514862060547,5.8767595291137695,5.741737365722656,5.575884342193604,3.418242216110229,5.735908031463623
96,5.946177959442139,5.13918924331665,5.501288414001465,5.870161056518555,5.395061016082764,5.24847412109375,5.153514385223389,5.383634090423584,5.160592079162598
97,6.01005744934082,5.397249221801758,5.28096342086792,5.446884632110596,5.513632297515869,5.467453956604004,5.236733436584473,3.477610349655152,5.394559383392334
98,5.900244235992432,5.140721321105957,5.50283670425415,5.911649227142334,5.398051738739014,5.252797603607178,5.154992580413818,4.4825873374938965,5.159574508666992
99,5.930851936340332,5.503180980682373,5.190709114074707,5.374609470367432,5.474987030029297,5.472723960876465,5.161088943481445,3.502960681915283,5.471824645996094
100,5.984222412109375,5.392083168029785,5.294287204742432,5.5641069412231445,5.558004856109619,5.501680374145508,5.265841960906982,3.484282970428467,5.404146194458008
101,6.145445346832275,5.591020584106445,5.358043193817139,5.542879104614258,5.620984554290772,5.584203243255615,5.29890251159668,3.7760329246521,5.58420991897583
102,5.831639289855957,5.1655988693237305,5.309493064880371,5.481513500213623,5.333697319030762,5.256569862365723,5.10420560836792,5.063446521759033,5.173410415649414
103,5.89564323425293,5.231992721557617,5.3259806632995605,5.595542907714844,5.418037414550781,5.322420597076416,5.173915863037109,3.693057775497437,5.241629600524902
104,6.060883522033691,5.488429069519043,5.431728839874268,5.784393310546875,5.59637975692749,5.481512546539307,5.312426567077637,3.962712287902832,5.482720851898193
105,5.863897800445557,5.558128356933594,5.166567325592041,5.297915935516357,5.405500411987305,5.502060413360596,5.0746846199035645,4.703461647033691,5.511054515838623
106,5.895365238189697,5.356509685516357,5.48196268081665,5.965476989746094,5.443856239318848,5.342365741729736,5.211018562316895,3.798340082168579,5.36073112487793
107,5.737852573394775,5.254037857055664,5.1485443115234375,5.248162269592285,5.335925579071045,5.312393665313721,5.062615394592285,4.861277580261231,5.243661880493164
108,5.973325252532959,5.19199800491333,5.53615665435791,5.994672775268555,5.409792423248291,5.253973484039307,5.157496452331543,4.9632954597473145,5.208774089813232
109,5.890229225158691,5.149899005889893,5.3498945236206055,5.592531204223633,5.346183776855469,5.248414993286133,5.1099629402160645,5.134787559509277,5.172438621520996
110,5.873327732086182,5.503127098083496,5.2576751708984375,5.370917797088623,5.484938621520996,5.487425327301025,5.150138854980469,4.225777626037598,5.461771011352539
111,5.816773414611816,5.25201416015625,5.154806613922119,5.298956394195557,5.379841327667236,5.37266206741333,5.111266136169434,4.095426082611084,5.252891540527344
112,5.881834983825684,5.252766132354736,5.34897518157959,5.555360794067383,5.410894870758057,5.360623836517334,5.192633628845215,4.462242126464844,5.266952991485596
113,5.881521701812744,5.677350521087647,5.131686687469482,5.211925983428955,5.375629901885986,5.445441722869873,5.02717924118042,5.276900291442871,5.607187271118164
114,5.960543632507324,5.178686618804932,5.537242889404297,5.957481384277344,5.39504337310791,5.2562174797058105,5.153287887573242,5.012219905853272,5.194888591766357
115,6.018545627593994,5.489768981933594,5.5083537101745605,5.877609729766846,5.588104724884033,5.5236406326293945,5.339786052703857,4.163424491882324,5.507274150848389
116,5.828067302703857,5.319674968719482,5.14985990524292,5.211838245391846,5.347075462341309,5.363194465637207,5.029452800750732,5.023385524749756,5.308078289031982
117,6.078830242156982,5.35272216796875,5.494422912597656,5.9427995681762695,5.556878566741943,5.417690277099609,5.304884910583496,3.529697895050049,5.361787796020508
118,5.837912559509277,5.231367111206055,5.320541858673096,5.5590643882751465,5.3798112869262695,5.287491798400879,5.141913414001465,3.7746777534484863,5.239689826965332
119,5.813444137573242,5.183163166046143,5.151196002960205,5.349997520446777,5.396005630493164,5.352023124694824,5.116631984710693,3.7332873344421382,5.201488971710205
120,5.810314178466797,5.145211696624756,5.281605243682861,5.434250354766846,5.363400936126709,5.266527652740479,5.088786602020264,4.2088727951049805,5.155776977539063
121,6.2419114112854,5.828747272491455,5.457508563995361,5.6082916259765625,5.721872806549072,5.76196813583374,5.400574684143066,3.931033611297608,5.787148475646973
122,5.928851127624512,5.20286750793457,5.483973503112793,5.906311988830566,5.395303726196289,5.250705242156982,5.164256572723389,4.580138683319092,5.211720943450928
123,6.049704074859619,5.450259685516357,5.592252254486084,6.179556846618652,5.571716785430908,5.44803524017334,5.304152488708496,5.148159027099609,5.469088077545166
124,5.916018962860107,5.132466793060303,5.364349365234375,5.637183666229248,5.360524654388428,5.249021530151367,5.116000175476074,5.118282794952393,5.146687030792236
125,5.878660202026367,5.302522659301758,5.351197242736816,5.647176265716553,5.452780723571777,5.355173110961914,5.19915771484375,3.754916191101074,5.298959255218506
126,5.89835786819458,5.375971794128418,5.308764457702637,5.473181247711182,5.49342155456543,5.421052932739258,5.1743574142456055,4.895762920379639,5.368399620056152
127,5.928963661193848,5.42439079284668,5.2923502922058105,5.428332328796387,5.492560386657715,5.444436550140381,5.178147315979004,3.896369218826294,5.407753944396973
128,5.879820346832275,5.152622699737549,5.378291606903076,5.595954418182373,5.358128547668457,5.249245643615723,5.119967460632324,4.543246746063232,5.1850786209106445
129,5.952005863189697,5.356235027313232,5.488461017608643,5.900302410125732,5.524697303771973,5.403346061706543,5.245034217834473,4.665272235870361,5.366335391998291
130,5.994071960449219,5.303700923919678,5.509023189544678,5.935407638549805,5.492204666137695,5.361437797546387,5.239146709442139,3.605777502059937,5.31208610534668
131,6.101107597351074,5.407983303070068,5.526106357574463,5.962504863739014,5.554245948791504,5.417381286621094,5.2972412109375,3.5392444133758545,5.40742826461792
132,5.901688098907471,5.748802185058594,5.14769172668457,5.219921112060547,5.386293411254883,5.474428653717041,5.0325798988342285,5.383177757263184,5.675500392913818
133,5.887730598449707,5.309014797210693,5.484851360321045,5.952730178833008,5.455604076385498,5.320090770721436,5.208108901977539,3.772150278091431,5.308656692504883
134,5.943809509277344,5.173102378845215,5.351998805999756,5.60865592956543,5.366615295410156,5.249007225036621,5.112172603607178,4.978389263153076,5.193279266357422
135,5.8405280113220215,5.106866359710693,5.320136070251465,5.445596694946289,5.344270706176758,5.263051509857178,5.096560955047607,4.575134754180908,5.114434242248535
136,5.951175212860107,5.410060405731201,5.369016647338867,5.547090530395508,5.569311618804932,5.465413570404053,5.270767688751221,3.4475250244140625,5.403237819671631
137,5.910284519195557,5.321412086486816,5.21442174911499,5.401790618896484,5.450186252593994,5.411409854888916,5.190482139587402,3.492432117462158,5.314795970916748
138,5.849506855010986,5.2760748863220215,5.18285083770752,5.301589012145996,5.352273464202881,5.322182655334473,5.069845676422119,3.932137250900269,5.270318508148193
139,6.102489948272705,5.515778064727783,5.518581867218018,5.968127727508545,5.579111099243164,5.466553211212158,5.338011264801025,3.762343883514404,5.507077693939209
140,5.9217529296875,5.208086013793945,5.536733150482178,5.973023414611816,5.407132625579834,5.256628513336182,5.154863357543945,4.702017784118652,5.2228593826293945
141,5.852258205413818,5.197649002075195,5.378732681274414,5.70194149017334,5.3957390785217285,5.289573669433594,5.158495903015137,4.426453590393066,5.21568775177002
142,5.9356689453125,5.267796516418457,5.330300331115723,5.552626609802246,5.457411766052246,5.344160079956055,5.187236309051514,3.6223881244659424,5.268532752990723
143,6.055037498474121,5.472708702087402,5.392334938049316,5.633152961730957,5.634864807128906,5.571093559265137,5.344325065612793,3.4176104068756104,5.478539943695068
144,5.830560207366943,5.193499565124512,5.218452453613281,5.328621864318848,5.345796585083008,5.288613319396973,5.080049514770508,4.197201251983643,5.211393356323242
145,5.869090557098389,5.588797092437744,5.134807109832764,5.339271068572998,5.489129066467285,5.535760402679443,5.144967555999756,3.4673423767089844,5.538073539733887
146,6.438165664672852,5.757470607757568,5.785049915313721,6.189158916473389,5.979647636413574,5.914731502532959,5.614593982696533,3.343888759613037,5.75179386138916
147,5.846272468566895,5.379862785339356,5.169093608856201,5.219448566436768,5.349867820739746,5.3692240715026855,5.043435573577881,5.250601768493652,5.358189582824707
148,5.839742183685303,5.262176990509033,5.158811092376709,5.279361248016357,5.350943565368652,5.300195217132568,5.065235614776611,5.21998405456543,5.246514320373535
149,5.884111404418945,5.340240478515625,5.185665607452393,5.345218181610107,5.465184211730957,5.437088966369629,5.165141105651856,3.482807159423828,5.334262371063232
150,5.864687442779541,5.361973285675049,5.299952507019043,5.533005237579346,5.493503093719482,5.391357421875,5.20375919342041,3.429142475128174,5.340334415435791
151,6.103299617767334,5.519366264343262,5.574552536010742,6.0814208984375,5.626975059509277,5.48098611831665,5.368255615234375,3.703192710876465,5.51309871673584
152,5.833061218261719,5.338706970214844,5.269222259521484,5.508245944976807,5.459853172302246,5.358274936676025,5.180258750915527,3.499908447265625,5.315909385681152
153,6.071033954620361,5.419953346252441,5.543722629547119,6.000678539276123,5.572676658630371,5.449409008026123,5.3289899826049805,3.528554677963257,5.413302898406982
154,5.8704514503479,5.086935997009277,5.323860168457031,5.495084762573242,5.3456902503967285,5.2500715255737305,5.103272914886475,4.938234329223633,5.110784530639648
155,5.801627159118652,5.199824810028076,5.208782196044922,5.448779582977295,5.377318382263184,5.295224666595459,5.122925281524658,3.8083126544952393,5.20057487487793
156,5.91959810256958,5.1960859298706055,5.471729755401611,5.971348762512207,5.404770374298096,5.255122661590576,5.165671348571777,4.959531307220459,5.195742130279541
157,6.155433177947998,5.354793548583984,5.650252342224121,6.132256507873535,5.632586479187012,5.478736877441406,5.360011100769043,3.46732497215271,5.379523754119873
158,5.960563659667969,5.192309379577637,5.46339750289917,5.847477912902832,5.391026973724365,5.249871730804443,5.145063400268555,4.8889875411987305,5.194441795349121
159,5.930009841918945,5.2917680740356445,5.315486907958984,5.498264789581299,5.465363502502441,5.396840572357178,5.169683933258057,4.645403861999512,5.29225492477417
160,5.91403865814209,5.422850608825684,5.318704605102539,5.536496639251709,5.53434419631958,5.509816646575928,5.255626201629639,3.5578179359436035,5.438131809234619
161,5.949696063995361,5.412172794342041,5.316977500915527,5.563008785247803,5.542729377746582,5.482064247131348,5.238194942474365,3.643068790435791,5.394859313964844
162,5.929367065429688,5.236331462860107,5.548839092254639,5.962243556976318,5.41180419921875,5.25480842590332,5.15247917175293,4.508089065551758,5.245245456695557
163,5.875800609588623,5.411568641662598,5.342505931854248,5.5573554039001465,5.5390448570251465,5.490426540374756,5.257746696472168,3.683692216873169,5.399892330169678
164,5.789512634277344,5.591922283172607,5.155403137207031,5.220826148986816,5.370287418365479,5.42645263671875,5.041292667388916,4.084117889404297,5.520366668701172
165,6.280888557434082,5.508659362792969,5.701577663421631,6.221457481384277,5.71058988571167,5.557072162628174,5.421428203582764,4.022405624389648,5.520802974700928
166,5.938796043395996,5.200232982635498,5.550179481506348,5.975368499755859,5.403203010559082,5.251616477966309,5.152560710906982,4.961281776428223,5.215681076049805
167,6.087344169616699,5.407889366149902,5.447707176208496,5.745228290557861,5.563732624053955,5.4486494064331055,5.297715187072754,3.56165099143982,5.40074348449707
168,5.81687593460083,5.485321998596191,5.170519828796387,5.226687908172607,5.356218338012695,5.3915696144104,5.03651237487793,4.632901191711426,5.447604656219482
169,5.798365116119385,5.198652267456055,5.245170593261719,5.418101787567139,5.366104602813721,5.291445255279541,5.116130828857422,3.787774801254273,5.201274871826172
170,5.835582733154297,5.111987590789795,5.268823623657227,5.442899703979492,5.343570232391357,5.259003162384033,5.079036235809326,5.533854961395264,5.116344451904297
171,5.794708251953125,5.184640884399414,5.200186252593994,5.352867126464844,5.353312969207764,5.2859601974487305,5.07932186126709,3.930163383483887,5.178077220916748
172,5.867972373962402,5.286949157714844,5.4571685791015625,5.920611381530762,5.415666580200195,5.26170825958252,5.163628578186035,3.9987096786499023,5.288644790649414
173,6.170321941375732,5.472220420837402,5.673237323760986,6.180762767791748,5.721693992614746,5.554997444152832,5.429905891418457,3.4316325187683105,5.4902215003967285
174,6.328397274017334,5.797574520111084,5.791759014129639,6.179783821105957,6.001712322235107,5.966028213500977,5.66673469543457,3.344210147857666,5.784285545349121
175,5.853147983551025,5.215662956237793,5.315617561340332,5.533611297607422,5.39582633972168,5.340443134307861,5.152841091156006,4.778433799743652,5.223744869232178
176,5.994351863861084,5.192686557769775,5.543112754821777,5.983797550201416,5.4196295738220215,5.260530471801758,5.173066139221191,5.411240100860596,5.216653823852539
177,5.831408977508545,5.4559326171875,5.201596736907959,5.330620765686035,5.406948089599609,5.4379472732543945,5.120736598968506,4.052428722381592,5.427141189575195
178,6.03330135345459,5.495023250579834,5.438831806182861,5.574377536773682,5.709351539611816,5.636789321899414,5.342211723327637,3.2870421409606934,5.481512546539307
179,6.341653823852539,5.716806888580322,5.746146202087402,6.410477161407471,5.87293004989624,5.758415222167969,5.563720703125,3.386585235595703,5.719741821289063
180,5.885419845581055,5.604803562164307,5.153834342956543,5.258509635925293,5.405521869659424,5.482570171356201,5.070761680603027,3.7773525714874263,5.556074142456055
181,5.911341190338135,5.334432125091553,5.534624099731445,6.036761283874512,5.490129470825195,5.344526290893555,5.21198844909668,3.750186681747437,5.339236736297607
182,5.890612602233887,5.257181167602539,5.483830451965332,5.880934715270996,5.392922401428223,5.26118803024292,5.16095495223999,4.252648830413818,5.255999565124512
183,6.183979511260986,5.474362850189209,5.413815021514893,5.665137767791748,5.675609111785889,5.577704906463623,5.363277912139893,3.4358232021331787,5.484172344207764
184,6.248393535614014,5.734086990356445,5.765544414520264,6.003989219665527,5.893202781677246,5.983211517333984,5.576078414916992,3.742114782333374,5.7508416175842285
185,5.967451095581055,5.468115329742432,5.212359428405762,5.341598987579346,5.4942779541015625,5.4697089195251465,5.163311004638672,3.5479440689086914,5.435605525970459
186,6.551149845123291,6.058363914489746,6.113962650299072,6.786692142486572,6.340578556060791,6.181182861328125,5.871374607086182,3.254542112350464,6.061440467834473
187,5.808164119720459,5.23967170715332,5.217713356018066,5.395134925842285,5.396855354309082,5.358638763427734,5.128750324249268,4.482565879821777,5.249426364898682
188,5.86968994140625,5.229856967926025,5.458961009979248,5.918432712554932,5.420496940612793,5.264693260192871,5.169547080993652,3.878404140472412,5.243648052215576
189,5.858194351196289,5.154913425445557,5.361987113952637,5.610085487365723,5.37195348739624,5.2633585929870605,5.133759498596191,4.068009376525879,5.179030418395996
190,5.815761089324951,5.452288627624512,5.153741359710693,5.22268533706665,5.359209060668945,5.379947185516357,5.025398254394531,5.158021926879883,5.425430774688721
191,5.9378581047058105,5.285359859466553,5.513953685760498,5.991394996643066,5.484168529510498,5.380205154418945,5.247480392456055,3.68349814414978,5.295727252960205
192,5.977365016937256,5.177473068237305,5.539638519287109,5.977031230926514,5.413197040557861,5.260762691497803,5.171113967895508,5.406556129455566,5.202661037445068
193,5.975867748260498,5.339132785797119,5.298638343811035,5.512942790985107,5.482863426208496,5.3965277671813965,5.207535266876221,3.553323984146118,5.324607849121094
194,5.950222015380859,5.13533878326416,5.53863525390625,5.949031352996826,5.398364543914795,5.249269485473633,5.139078140258789,5.277027606964111,5.163441181182861
195,6.047947406768799,5.447039604187012,5.390555381774902,5.561294555664063,5.52140998840332,5.438760757446289,5.260266780853272,3.5475168228149414,5.415209770202637
196,6.038341045379639,5.407497406005859,5.492939472198486,5.871464729309082,5.621713161468506,5.475325107574463,5.324929714202881,3.375317335128784,5.425472259521484
197,6.04998779296875,5.255385398864746,5.282753944396973,5.4596848487854,5.511350154876709,5.444929122924805,5.226523399353027,3.487432718276977,5.271552562713623
198,5.866593360900879,5.664885520935059,5.166271686553955,5.256217956542969,5.398695945739746,5.460855484008789,5.056981086730957,4.041575908660889,5.600772380828857
199,5.801717281341553,5.220075607299805,5.176689147949219,5.285578727722168,5.366336345672607,5.323736667633057,5.077016353607178,3.865653514862061,5.23124885559082
200,5.853867053985596,5.29008674621582,5.4102067947387695,5.659074783325195,5.487834930419922,5.356955528259277,5.201371192932129,4.091042518615723,5.300166130065918
201,6.294588088989258,6.108976364135742,5.744834899902344,6.01125431060791,6.219075679779053,6.169029235839844,5.741648197174072,3.3182132244110107,6.06667947769165
202,5.8266425132751465,5.214946269989014,5.270180702209473,5.417201042175293,5.385664463043213,5.2734808921813965,5.107171535491943,4.122191905975342,5.210597038269043
203,5.827436447143555,5.3323974609375,5.169441223144531,5.30851936340332,5.395327568054199,5.430963039398193,5.094554901123047,4.304525375366211,5.325560092926025
204,5.9971923828125,5.177642822265625,5.537360668182373,5.977872848510742,5.419930934906006,5.259349346160889,5.167224407196045,5.416048526763916,5.201902389526367
205,5.827688694000244,5.183627605438232,5.174552917480469,5.334409236907959,5.372469425201416,5.369560241699219,5.09675407409668,4.7181077003479,5.207278728485107
206,5.897090911865234,5.306496620178223,5.449481010437012,5.991982460021973,5.419290065765381,5.302555561065674,5.199472427368164,3.93759036064148,5.315251350402832
207,5.940027713775635,5.176146507263184,5.361728191375732,5.610568523406982,5.3651123046875,5.252502918243408,5.12791109085083,5.018413066864014,5.1982293128967285
208,5.954808235168457,5.282951354980469,5.325940608978272,5.638163089752197,5.520473957061768,5.394071102142334,5.20686149597168,3.5875244140625,5.28600025177002
209,5.941243648529053,5.196592807769775,5.545522212982178,5.975588321685791,5.405139446258545,5.254587173461914,5.157115459442139,4.626760005950928,5.210062026977539
210,5.778194427490234,5.578081130981445,5.124046325683594,5.210089683532715,5.381446361541748,5.445870399475098,5.042491436004639,4.051282405853272,5.505746841430664
211,5.900662899017334,5.118984699249268,5.463454246520996,5.742839813232422,5.382734298706055,5.248316764831543,5.136984825134277,5.338595867156982,5.143385887145996
212,5.9045586585998535,5.245566368103027,5.469348430633545,5.957978248596191,5.430405139923096,5.279416561126709,5.187886714935303,3.845595836639404,5.249411582946777
213,5.838077068328857,5.087864875793457,5.404124736785889,5.716976165771484,5.3615922927856445,5.246630668640137,5.130001068115234,4.383852958679199,5.120852470397949
214,5.901081562042236,5.233345985412598,5.475729942321777,5.970016479492188,5.405496597290039,5.264656066894531,5.174131870269775,4.225536823272705,5.2394890785217285
215,5.921296119689941,5.681401252746582,5.243630409240723,5.394165992736816,5.456118583679199,5.560812950134277,5.155903339385986,4.704710960388184,5.618316650390625
216,5.81180477142334,5.215450763702393,5.245303630828857,5.46079683303833,5.420408725738525,5.344459056854248,5.1442484855651855,3.5550737380981445,5.215001106262207
217,5.827939510345459,5.26443338394165,5.154048919677734,5.264033317565918,5.403501987457275,5.404887676239014,5.080127239227295,3.777068614959717,5.277896404266357
218,5.760167598724365,5.288568019866943,5.166389465332031,5.254676342010498,5.361298561096191,5.340220928192139,5.080808162689209,3.801158905029297,5.295035362243652
219,5.917657852172852,5.134176731109619,5.34003210067749,5.518992424011231,5.357063293457031,5.257954120635986,5.105228900909424,5.372040748596191,5.14453125
220,6.036242961883545,5.438622951507568,5.616875648498535,6.158149242401123,5.541806697845459,5.394739151000977,5.284083843231201,5.135273456573486,5.453474044799805
221,5.928759574890137,5.16989803314209,5.399992942810059,5.631288528442383,5.362996578216553,5.247541427612305,5.1186628341674805,4.932356357574463,5.195125579833984
222,5.9180450439453125,5.125545501708984,5.333645343780518,5.540555477142334,5.35026741027832,5.252824783325195,5.119310855865479,5.386326313018799,5.143107891082764
223,6.147248268127441,5.53661060333252,5.633546829223633,6.202881813049316,5.681018352508545,5.56186580657959,5.417062282562256,3.748156309127808,5.555788516998291
224,5.827413082122803,5.625338077545166,5.159323692321777,5.203547477722168,5.369644641876221,5.43733024597168,5.02208423614502,5.05615234375,5.577232360839844
225,5.92010498046875,5.133017539978027,5.461036682128906,5.775201320648193,5.383046627044678,5.245980739593506,5.145869255065918,5.36500358581543,5.160233020782471
226,6.000672340393066,5.470637321472168,5.252452850341797,5.403757095336914,5.498560905456543,5.514044284820557,5.19352388381958,3.613555908203125,5.449844837188721
227,5.943578243255615,5.456122398376465,5.317706108093262,5.466279029846191,5.534157752990723,5.523280143737793,5.207400321960449,3.987650871276856,5.430695056915283
228,5.934689044952393,5.143429279327393,5.522136211395264,5.962202072143555,5.386094093322754,5.252874851226807,5.158178806304932,4.522488594055176,5.161229133605957
229,6.210535526275635,5.566864967346191,5.503353118896484,5.780887126922607,5.767822265625,5.653431415557861,5.44490909576416,3.43176817893982,5.567359447479248
230,5.970574378967285,5.442742824554443,5.266876220703125,5.430649280548096,5.506718635559082,5.440755367279053,5.212496280670166,3.4365673065185547,5.41252326965332
231,5.942877292633057,5.095484256744385,5.388044357299805,5.638345718383789,5.361536026000977,5.249283313751221,5.125843524932861,5.137581825256348,5.127749443054199
232,6.234514236450195,5.751334190368652,5.531226634979248,5.762716770172119,5.806024551391602,5.814441204071045,5.479731559753418,3.688631296157837,5.721200942993164
233,5.946099758148193,5.225418567657471,5.531077861785889,5.951868534088135,5.417844295501709,5.25645923614502,5.150163650512695,5.390152454376221,5.2365546226501465
234,6.08704137802124,5.63390588760376,5.694324016571045,6.16837215423584,5.754756927490234,5.682511329650879,5.479159832000732,4.471511363983154,5.649185180664063
235,5.822865962982178,5.366703987121582,5.218693733215332,5.355972290039063,5.433074951171875,5.40651798248291,5.121321678161621,4.829060077667236,5.344611644744873
236,6.352110385894775,5.763098239898682,5.770678520202637,6.188769340515137,5.910093307495117,5.866879940032959,5.595190525054932,3.664394378662109,5.766961574554443
237,6.222775936126709,5.554522514343262,5.656980991363525,6.226872444152832,5.741621494293213,5.579135417938232,5.451192378997803,3.43856143951416,5.578258037567139
238,5.841890811920166,5.566757678985596,5.174899101257324,5.242358207702637,5.387351989746094,5.443312644958496,5.052348613739014,5.068733215332031,5.532856464385986
239,5.989981651306152,5.404279708862305,5.362905025482178,5.550084114074707,5.595833778381348,5.5110063552856445,5.293290138244629,3.3706605434417725,5.399943828582764
240,6.211193084716797,5.667644500732422,5.80305290222168,6.427398681640625,5.811572074890137,5.782562732696533,5.548778533935547,3.572147846221924,5.7179131507873535
241,6.229368686676025,5.454019546508789,5.541530609130859,6.010168552398682,5.668119430541992,5.541175365447998,5.371962547302246,3.865144491195679,5.455345153808594
242,5.808521747589111,5.188908576965332,5.399033546447754,5.629961967468262,5.39754581451416,5.275733470916748,5.149690628051758,4.271728515625,5.198518753051758
243,5.937249183654785,5.167391300201416,5.5307793617248535,5.92814826965332,5.393066883087158,5.252877235412598,5.153928279876709,5.233767986297607,5.192505836486816
244,5.795366287231445,5.576045989990234,5.1209869384765625,5.233710289001465,5.393097877502441,5.46193265914917,5.0677595138549805,3.9285149574279785,5.517251491546631
245,6.171781539916992,5.602862358093262,5.552651405334473,5.954699993133545,5.741425037384033,5.62560510635376,5.425369739532471,3.433239698410034,5.595871448516846
246,5.99927282333374,5.442158222198486,5.528082370758057,5.924112796783447,5.567681789398193,5.481866836547852,5.326030731201172,4.436308860778809,5.452171325683594
247,5.949117183685303,5.30616569519043,5.332179546356201,5.563448429107666,5.473398208618164,5.420826435089111,5.219349384307861,3.939148426055908,5.315026760101318
248,5.798211574554443,5.242432594299316,5.163903713226318,5.24181079864502,5.35337495803833,5.314608573913574,5.049069404602051,5.091392517089844,5.235857963562012
249,5.956068515777588,5.175951480865479,5.531664848327637,5.9338884353637695,5.388506889343262,5.247837543487549,5.152804851531982,5.204794883728027,5.19968843460083
250,5.820121765136719,5.65452766418457,5.153907299041748,5.213380813598633,5.378171443939209,5.443840026855469,5.027777194976807,5.058891773223877,5.601036071777344
251,6.505527019500732,5.854861736297607,5.797708988189697,6.37816047668457,5.939603805541992,5.803395748138428,5.607884883880615,4.056817054748535,5.843837738037109
252,5.985761642456055,5.347052097320557,5.317278861999512,5.595603942871094,5.48602294921875,5.379976749420166,5.22422981262207,3.533449411392212,5.343682765960693
253,5.90942907333374,5.276201725006104,5.450123310089111,5.852848529815674,5.464859008789063,5.334437370300293,5.204072952270508,3.765573978424072,5.287395477294922
254,5.90856409072876,5.236491680145264,5.50963306427002,5.994999885559082,5.405886173248291,5.261232852935791,5.175307273864746,4.290105819702148,5.241137027740479
255,6.007297992706299,5.537912368774414,5.308966159820557,5.583768367767334,5.534873962402344,5.450903415679932,5.2542243003845215,3.609973669052124,5.509260177612305
256,6.127537727355957,5.47214412689209,5.633767127990723,6.214897155761719,5.590345859527588,5.517818450927734,5.347875118255615,4.725161552429199,5.493449687957764
257,5.944033622741699,5.357278823852539,5.412306785583496,5.784460544586182,5.467654228210449,5.340487480163574,5.203725337982178,3.765616178512573,5.346567153930664
258,6.1043877601623535,5.895997047424316,5.514245510101318,5.676606178283691,5.901657581329346,5.903750896453857,5.483246803283691,3.332174062728882,5.842689037322998
259,6.054597854614258,5.502097129821777,5.373288631439209,5.71104097366333,5.548472881317139,5.429682731628418,5.257184982299805,3.67867660522461,5.479993343353272
260,5.864631175994873,5.337241172790527,5.24243688583374,5.429599285125732,5.455573558807373,5.386254787445068,5.168213844299316,3.5141615867614746,5.314279079437256
261,5.857679843902588,5.671628475189209,5.145758628845215,5.219236850738525,5.373222351074219,5.437856197357178,5.033040523529053,5.094474792480469,5.600037097930908
262,5.800961971282959,5.23930549621582,5.202032566070557,5.35284423828125,5.346290588378906,5.29472017288208,5.095306396484375,3.9452619552612314,5.228518962860107
263,5.914456844329834,5.750002384185791,5.13760232925415,5.230817794799805,5.388942718505859,5.469305515289307,5.032509803771973,5.380587100982666,5.67534065246582
264,5.833424091339111,5.2963457107543945,5.393410682678223,5.687709808349609,5.401868343353272,5.275233745574951,5.156740665435791,4.064984321594238,5.287755012512207
265,6.077566623687744,5.337210655212402,5.571663856506348,6.0439133644104,5.529863834381104,5.397507190704346,5.288288593292236,3.516510248184204,5.3491926193237305
266,6.009566307067871,5.64945650100708,5.457730770111084,5.626726150512695,5.612595081329346,5.605538368225098,5.328395366668701,4.4362616539001465,5.629149436950684
267,6.30713415145874,6.003242015838623,5.867074012756348,6.21935510635376,6.018190860748291,6.114151954650879,5.706943035125732,3.461299419403076,6.014816284179688
268,6.17167854309082,5.611285209655762,5.573744773864746,5.862509250640869,5.751842498779297,5.713741302490234,5.469124794006348,3.539187431335449,5.60351037979126
269,5.843505859375,5.596009254455566,5.12926197052002,5.213505744934082,5.371884822845459,5.418453693389893,5.035976886749268,5.156135559082031,5.541765213012695
270,6.087527751922607,5.553146839141846,5.618553161621094,6.126214027404785,5.632893085479736,5.478755950927734,5.355246543884277,3.90714430809021,5.553928852081299
271,5.983269691467285,5.313366413116455,5.336001873016357,5.698026657104492,5.490866661071777,5.3721923828125,5.196572303771973,3.738842487335205,5.320291519165039
272,5.978716850280762,5.525031089782715,5.379971981048584,5.527560710906982,5.662557125091553,5.633481979370117,5.352110862731934,3.352996826171875,5.507289409637451
273,5.846135139465332,5.178013801574707,5.276391506195068,5.509664058685303,5.383991718292236,5.313332557678223,5.142044544219971,3.890645742416382,5.189425945281982
274,5.86353874206543,5.147720813751221,5.314752578735352,5.459494590759277,5.346398830413818,5.26347017288208,5.1076860427856445,5.296300411224365,5.155862808227539
275,5.841940402984619,5.628841400146484,5.144045352935791,5.225784778594971,5.384028434753418,5.458629131317139,5.051122665405273,3.980937957763672,5.573192596435547
276,5.87249755859375,5.226502418518066,5.305254459381104,5.549808979034424,5.368275165557861,5.31009578704834,5.127442359924316,4.9888129234313965,5.228697776794434
277,5.991852283477783,5.173556804656982,5.547021389007568,5.974815368652344,5.413261413574219,5.261791229248047,5.173104286193848,5.410658836364746,5.197524070739746
278,5.864863872528076,5.7420854568481445,5.127695083618164,5.218467712402344,5.394441604614258,5.459237575531006,5.031693458557129,5.173250675201416,5.671242713928223
279,5.828094482421875,5.122511863708496,5.302418231964111,5.429172039031982,5.351325511932373,5.262834548950195,5.093170166015625,4.612839698791504,5.127383708953857
280,5.865734577178955,5.201550006866455,5.310408115386963,5.511247634887695,5.360795974731445,5.2640228271484375,5.104589939117432,4.218907833099365,5.206088542938232
281,5.949887752532959,5.201844215393066,5.5452561378479,5.977964401245117,5.399903297424316,5.255486965179443,5.162492752075195,5.008856773376465,5.216002464294434
282,5.808864593505859,5.542855262756348,5.104594707489014,5.218061447143555,5.358252048492432,5.395327568054199,5.021585941314697,4.477976799011231,5.484468936920166
283,5.867815017700195,5.200419425964356,5.22807502746582,5.365537643432617,5.351559162139893,5.270298957824707,5.0882415771484375,5.197958946228027,5.204596042633057
284,6.014413356781006,5.357062816619873,5.226983547210693,5.374340057373047,5.458455562591553,5.4244561195373535,5.171711921691895,3.52736496925354,5.343332290649414
285,5.784415245056152,5.268794059753418,5.200067520141602,5.259328365325928,5.355506420135498,5.33482551574707,5.06709623336792,5.035128593444824,5.260993480682373
286,5.969569683074951,5.1641035079956055,5.532864093780518,5.985414981842041,5.399003982543945,5.250430583953857,5.16016960144043,5.194284439086914,5.177641868591309
287,5.803592205047607,5.274222373962402,5.133590698242188,5.298458099365234,5.400511264801025,5.394440650939941,5.096390724182129,3.6373913288116455,5.283326148986816
288,5.959760665893555,5.631718158721924,5.34824275970459,5.508304119110107,5.575212478637695,5.582553386688232,5.231282711029053,4.971433162689209,5.599876403808594
289,5.817409038543701,5.31343412399292,5.137002468109131,5.204258918762207,5.349553108215332,5.340081691741943,5.051982879638672,5.237890720367432,5.303767204284668
290,6.288965225219727,5.845775127410889,5.523486137390137,5.690802097320557,5.88566780090332,5.853585243225098,5.486395359039307,3.3221957683563232,5.805420398712158
291,6.200067043304443,5.689231872558594,5.671742916107178,6.137042045593262,5.83000373840332,5.79535436630249,5.542999267578125,3.46442985534668,5.719578742980957
292,5.97758674621582,5.341223239898682,5.314630508422852,5.564798831939697,5.491540908813477,5.394200325012207,5.218177318572998,3.498142004013061,5.324496746063232
293,6.163851261138916,5.682225227355957,5.76719331741333,6.018613338470459,5.848973274230957,5.853441715240479,5.546121120452881,4.262701988220215,5.687533855438232
294,5.804732322692871,5.208306789398193,5.315412521362305,5.582066535949707,5.380142211914063,5.288957595825195,5.143723487854004,3.866510152816773,5.209036350250244
295,5.812214374542236,5.27311897277832,5.201828479766846,5.310798168182373,5.349969387054443,5.289548873901367,5.06920051574707,5.280221939086914,5.255482196807861
296,5.893714427947998,5.431677341461182,5.22568416595459,5.400224685668945,5.4670090675354,5.48942232131958,5.209427356719971,4.151785373687744,5.435985565185547
297,6.106534957885742,5.495851516723633,5.457602500915527,5.740970134735107,5.678818225860596,5.6387786865234375,5.409418106079102,3.392703056335449,5.534135818481445
298,5.884838581085205,5.134922981262207,5.494826316833496,5.914594650268555,5.391585350036621,5.257208347320557,5.15492582321167,4.256914138793945,5.156239032745361
299,6.641265869140625,6.203011989593506,6.515085220336914,7.316082000732422,6.133727073669434,6.282190799713135,5.935146331787109,4.532253742218018,6.205896854400635
300,5.865117073059082,5.301403522491455,5.298825740814209,5.532660484313965,5.470101833343506,5.372953414916992,5.18414831161499,3.528939723968506,5.296840667724609
301,5.803952693939209,5.198616981506348,5.179402828216553,5.263556957244873,5.331353187561035,5.30238151550293,5.055126667022705,5.250340938568115,5.195666790008545
302,5.895530223846436,5.282124996185303,5.278497219085693,5.406469821929932,5.441316604614258,5.357571125030518,5.134875774383545,4.149256706237793,5.266724586486816
303,5.998156547546387,5.397189617156982,5.536258220672607,5.852324485778809,5.547313213348389,5.490130424499512,5.293108940124512,4.721880912780762,5.422324180603027
304,6.493831157684326,6.088591575622559,6.26085901260376,6.751084327697754,6.147199630737305,6.462415218353272,5.872778415679932,4.171751976013184,6.10841178894043
305,6.006361961364746,5.368332386016846,5.439398288726807,5.776044845581055,5.534123420715332,5.402860641479492,5.230565071105957,3.475816488265991,5.357738971710205
306,6.054455280303955,5.421254634857178,5.385730266571045,5.66820764541626,5.621635437011719,5.548637390136719,5.323365211486816,3.38651704788208,5.431340217590332
307,5.84488582611084,5.237059116363525,5.273084163665772,5.401943206787109,5.363264083862305,5.277791500091553,5.101868629455566,4.537589550018311,5.227123737335205
308,5.776790618896484,5.647753715515137,5.127145290374756,5.218746662139893,5.390588283538818,5.452604293823242,5.052529811859131,4.0089311599731445,5.563572883605957
309,5.804938316345215,5.267151355743408,5.138909816741943,5.248692512512207,5.363619327545166,5.344234466552734,5.062973976135254,4.0697760581970215,5.262390613555908
310,5.907053470611572,5.702342510223389,5.138249397277832,5.227326393127441,5.382716178894043,5.469638347625732,5.03501033782959,5.394296169281006,5.635201454162598
311,5.91099739074707,5.1027116775512695,5.43608283996582,5.72407341003418,5.379472732543945,5.24422550201416,5.12392520904541,5.351963996887207,5.139816761016846
312,5.898379325866699,5.442663669586182,5.308923244476318,5.458653450012207,5.544109344482422,5.520577430725098,5.179671287536621,4.658640861511231,5.420744895935059
313,6.243051528930664,5.571055889129639,5.632335186004639,6.110697269439697,5.826212406158447,5.676929950714111,5.472842693328857,3.277616262435913,5.579307556152344
314,5.909582614898682,5.187605857849121,5.511067867279053,5.9098801612854,5.401976108551025,5.257905006408691,5.147745132446289,4.322292327880859,5.20595121383667
315,5.875277042388916,5.150855541229248,5.323522090911865,5.441318035125732,5.347264289855957,5.263116836547852,5.100098609924316,5.140492916107178,5.159035682678223
316,5.951253414154053,5.302052974700928,5.350560665130615,5.620264530181885,5.505665302276611,5.423366546630859,5.249244213104248,3.433990001678467,5.301475524902344
317,5.908931732177734,5.754476070404053,5.14280891418457,5.230312347412109,5.385406494140625,5.469716548919678,5.032793045043945,5.396164894104004,5.67673921585083
318,6.044369220733643,5.431734561920166,5.593787670135498,6.0406012535095215,5.507325172424316,5.374521255493164,5.277682781219482,3.5604772567749023,5.419800758361816
319,5.815602779388428,5.470614910125732,5.15183162689209,5.230710506439209,5.420313835144043,5.452983379364014,5.084904670715332,3.7203407287597656,5.446923732757568
320,5.972514629364014,5.40760612487793,5.524651527404785,5.920491695404053,5.5297393798828125,5.404047966003418,5.256147861480713,3.602997303009033,5.398303031921387
321,5.9707932472229,5.234780311584473,5.478841304779053,5.950510501861572,5.430481910705566,5.293128490447998,5.186035633087158,3.784743070602417,5.2368035316467285
322,5.749575138092041,5.206070423126221,5.148998260498047,5.2274932861328125,5.34170389175415,5.341481685638428,5.050786972045898,4.8715009689331055,5.217932224273682
323,6.284407138824463,5.895902633666992,5.764499187469482,6.09295654296875,6.1071953773498535,6.049631118774414,5.698183536529541,3.332397937774658,5.89695930480957
324,6.07305908203125,5.3923020362854,5.540449142456055,6.006278038024902,5.587583541870117,5.451209545135498,5.3160552978515625,3.429497241973877,5.403598308563232
325,5.984660625457764,5.479771614074707,5.197106838226318,5.372336387634277,5.47412109375,5.468994617462158,5.149022102355957,3.6333742141723633,5.43473482131958
326,5.848862171173096,5.220030307769775,5.302409648895264,5.508338451385498,5.425992488861084,5.329283714294434,5.170173645019531,3.6961846351623535,5.225060939788818
327,6.06635046005249,5.462978363037109,5.566044807434082,6.053955078125,5.615590572357178,5.507980823516846,5.348640441894531,4.009487628936768,5.467162132263184
328,5.914241313934326,5.37809944152832,5.43359899520874,5.791945457458496,5.539140701293945,5.413964748382568,5.274506092071533,3.495978593826294,5.379689693450928
329,5.98944091796875,5.517887592315674,5.312551021575928,5.5104660987854,5.5823845863342285,5.609840393066406,5.261285305023193,3.428786039352417,5.52009391784668
330,5.91392183303833,5.152026176452637,5.47746467590332,5.85170841217041,5.3782477378845215,5.247678279876709,5.155890941619873,4.998745441436768,5.166203498840332
331,5.951258182525635,5.519624710083008,5.3235297203063965,5.4669928550720215,5.589745998382568,5.6085052490234375,5.266244888305664,3.4201040267944336,5.52443265914917
332,5.883808612823486,5.368212699890137,5.427647590637207,5.889892578125,5.4561920166015625,5.31707763671875,5.193241596221924,3.788608312606812,5.356617450714111
333,5.905278205871582,5.186036109924316,5.377701759338379,5.747499465942383,5.405510902404785,5.284307956695557,5.16728401184082,3.7348649501800537,5.200959205627441
334,5.8515472412109375,5.214322566986084,5.261282920837402,5.424417495727539,5.404047966003418,5.377925395965576,5.164927959442139,4.66663932800293,5.219936370849609
335,6.146920204162598,5.464300632476807,5.565946102142334,5.916837692260742,5.74670934677124,5.619246482849121,5.405371189117432,3.3168962001800537,5.480906963348389
336,6.044004917144775,5.405494213104248,5.382747173309326,5.6067094802856445,5.597878456115723,5.509048461914063,5.263182163238525,3.922081708908081,5.394885063171387
337,5.771950721740723,5.343066692352295,5.122801303863525,5.247317790985107,5.366874694824219,5.3473639488220215,5.054413795471191,4.6923441886901855,5.334390640258789
338,5.900223255157471,5.720829963684082,5.139578819274902,5.221423625946045,5.374104976654053,5.465146541595459,5.0238213539123535,5.348716735839844,5.646606922149658
339,5.844189167022705,5.244923114776611,5.390109062194824,5.65529727935791,5.410706520080566,5.292015075683594,5.154943943023682,3.726747274398804,5.248503684997559
340,6.92002010345459,6.52952241897583,6.656669616699219,7.43173885345459,6.595858097076416,7.05924654006958,6.375393390655518,3.394249200820923,6.549014091491699
341,5.861835956573486,5.103114128112793,5.284494400024414,5.437032222747803,5.339890003204346,5.2580246925354,5.093074321746826,5.020735740661621,5.114706039428711
342,5.812186241149902,5.163738250732422,5.161937236785889,5.260550498962402,5.338710784912109,5.3043084144592285,5.056647777557373,4.3473801612854,5.165623664855957
343,5.947784423828125,5.294520378112793,5.299375057220459,5.551437377929688,5.4863386154174805,5.383278846740723,5.206414222717285,3.5165770053863525,5.296341419219971
344,5.797897338867188,5.222292900085449,5.219917297363281,5.414302825927734,5.393529415130615,5.326087474822998,5.141412258148193,3.83503007888794,5.216888904571533
345,6.043272495269775,5.79799747467041,5.394913196563721,5.595165252685547,5.785873889923096,5.820910453796387,5.409455299377441,3.383840322494507,5.760242938995361
346,5.90913200378418,5.237767219543457,5.360814094543457,5.615930080413818,5.417199611663818,5.314833641052246,5.148630142211914,3.868152141571045,5.245985984802246
347,6.588259220123291,6.177455425262451,6.465433120727539,7.272407054901123,6.157329559326172,6.308847427368164,5.907662391662598,4.472707271575928,6.189324378967285
348,6.146029472351074,5.679862976074219,5.541968822479248,5.810883045196533,5.698119163513184,5.650388717651367,5.423697471618652,3.736586809158325,5.651642322540283
349,5.798313617706299,5.184518814086914,5.339936256408691,5.493908405303955,5.413167476654053,5.317119121551514,5.139372825622559,4.261908054351807,5.198992729187012
350,5.908316135406494,5.315845966339111,5.432892322540283,5.781185150146484,5.410344123840332,5.3212432861328125,5.189481735229492,4.843078136444092,5.319453239440918
351,6.026051998138428,5.374133110046387,5.466126441955566,5.820931434631348,5.540245056152344,5.452942371368408,5.27854061126709,3.7833309173583984,5.389456748962402
352,5.904478549957275,5.120132923126221,5.425531387329102,5.69202995300293,5.371603965759277,5.244020938873291,5.127177715301514,4.840742588043213,5.144283294677734
353,5.888810157775879,5.096120834350586,5.428094387054443,5.703545570373535,5.362960815429688,5.251341342926025,5.12892484664917,4.4935173988342285,5.127964973449707
354,6.170760154724121,5.678701877593994,5.625279903411865,5.928364276885986,5.799478530883789,5.791408538818359,5.505679607391357,3.4951460361480717,5.711626052856445
355,5.802489280700684,5.235639572143555,5.241794109344482,5.424397468566895,5.381742000579834,5.291144847869873,5.108124256134033,3.867079496383667,5.2284674644470215
356,5.794585227966309,5.204912662506104,5.168051719665527,5.329043865203857,5.341983318328857,5.291330337524414,5.0748677253723145,4.061703205108643,5.18814754486084
357,6.170385837554932,5.678473949432373,5.436493873596191,5.651690483093262,5.704568862915039,5.711984157562256,5.399169921875,3.857219457626343,5.671048641204834
358,5.878464698791504,5.670431613922119,5.192607879638672,5.328395843505859,5.435391902923584,5.537367343902588,5.119487762451172,4.829715251922607,5.6079864501953125
359,5.900300979614258,5.145809650421143,5.441655158996582,5.761498928070068,5.371179103851318,5.249439716339111,5.1342058181762695,5.194715976715088,5.16544771194458
360,5.846725940704346,5.137355804443359,5.358141899108887,5.678903579711914,5.357413291931152,5.268193244934082,5.141380310058594,4.492591857910156,5.144841194152832
361,5.951913356781006,5.606453895568848,5.241869926452637,5.325559616088867,5.510895252227783,5.569833755493164,5.17206335067749,3.5405375957489014,5.56594705581665
362,5.79463005065918,5.158131122589111,5.335473537445068,5.538354396820068,5.378334045410156,5.2750678062438965,5.130455017089844,3.886281967163086,5.171055793762207
363,5.885257244110107,5.286566734313965,5.37107515335083,5.712900161743164,5.43927001953125,5.298962116241455,5.171391487121582,3.747792959213257,5.289316177368164
364,5.89579963684082,5.389235496520996,5.324800491333008,5.561436176300049,5.534327507019043,5.482780456542969,5.252162933349609,3.874772548675537,5.396040916442871
365,5.774543285369873,5.599485874176025,5.139901161193848,5.204133987426758,5.388197422027588,5.450460910797119,5.0486249923706055,4.0830912590026855,5.523735046386719
366,5.872294902801514,5.2192487716674805,5.210745334625244,5.407124996185303,5.39448356628418,5.329707145690918,5.154845237731934,3.756589889526367,5.228450298309326
367,5.824051856994629,5.612538814544678,5.138927936553955,5.209531784057617,5.370851993560791,5.412534236907959,5.022793292999268,5.086287975311279,5.548654079437256
368,5.947587966918945,5.522526741027832,5.264468669891357,5.458319664001465,5.550211429595947,5.550860404968262,5.224236488342285,3.482235908508301,5.5026960372924805
369,5.986260890960693,5.187656879425049,5.5368266105651855,5.970734596252441,5.409493446350098,5.261417865753174,5.163918495178223,5.418529987335205,5.206802368164063
370,6.000784873962402,5.659757137298584,5.370777606964111,5.5097336769104,5.702696323394775,5.699398517608643,5.353391170501709,3.401684284210205,5.631091117858887
371,5.831360816955566,5.449904441833496,5.184675693511963,5.3656158447265625,5.413016319274902,5.457801342010498,5.120524883270264,4.381666660308838,5.431801795959473
372,5.902702331542969,5.273997783660889,5.311792373657227,5.591901302337647,5.450495719909668,5.347867488861084,5.165475845336914,3.748823404312134,5.275388717651367
373,5.967705726623535,5.700085163116455,5.344092845916748,5.4454450607299805,5.546971321105957,5.658940315246582,5.259158611297607,4.680965900421143,5.6507744789123535
374,5.926626682281494,5.42924165725708,5.249078750610352,5.397900104522705,5.481813430786133,5.475834846496582,5.205463886260986,3.5334646701812744,5.422690391540527
375,5.958852291107178,5.291280269622803,5.459061145782471,5.863944053649902,5.457620620727539,5.330601215362549,5.213124752044678,3.6865084171295166,5.294646263122559
376,6.210349559783936,5.540271282196045,5.576211929321289,5.942938804626465,5.796288967132568,5.662995338439941,5.428475379943848,3.296713590621948,5.552933216094971
377,6.016646385192871,5.396731853485107,5.346928596496582,5.562480449676514,5.583945274353027,5.506249904632568,5.2550153732299805,3.8616421222686768,5.397623062133789
378,5.910581588745117,5.333141803741455,5.303376197814941,5.55048942565918,5.443975925445557,5.392667293548584,5.21690034866333,4.06715726852417,5.334283351898193
379,5.864782810211182,5.227761745452881,5.255556583404541,5.467106819152832,5.437495231628418,5.351126194000244,5.162232398986816,3.560804605484009,5.223043918609619
380,5.848386287689209,5.385343551635742,5.140560150146484,5.214826583862305,5.344147682189941,5.380126953125,5.038600444793701,4.2614054679870605,5.355713844299316
381,5.900650024414063,5.137045860290527,5.467482566833496,5.758692264556885,5.393123149871826,5.2482757568359375,5.138419151306152,5.367732048034668,5.156777858734131
382,6.05175256729126,5.840617656707764,5.386810302734375,5.590646743774414,5.77193546295166,5.784403324127197,5.400357723236084,3.282053709030152,5.773226261138916
383,5.992786884307861,5.679152488708496,5.385225296020508,5.589014530181885,5.759578227996826,5.736236572265625,5.369008541107178,3.316418409347534,5.650715827941895
384,6.003551006317139,5.413586139678955,5.580322265625,6.075460910797119,5.550879955291748,5.391622066497803,5.274150371551514,3.657198429107666,5.410491943359375
385,5.846617698669434,5.138564109802246,5.360208511352539,5.584765434265137,5.35569953918457,5.24880838394165,5.120303630828857,4.360969066619873,5.152067184448242
386,5.992987155914307,5.4163336753845215,5.518640041351318,5.942025184631348,5.504952430725098,5.350603103637695,5.240808486938477,3.582712888717652,5.396556377410889
387,5.941885948181152,5.206408977508545,5.493433952331543,5.929518699645996,5.426341533660889,5.282742977142334,5.182314395904541,3.853890895843506,5.221734523773193
388,6.266046047210693,5.634860515594482,5.788330078125,6.358738899230957,5.9119415283203125,5.760293006896973,5.553472995758057,3.3542733192443848,5.654389381408691
389,5.770050048828125,5.511618614196777,5.187617778778076,5.290034294128418,5.430660247802734,5.42890739440918,5.082395076751709,5.067492485046387,5.457001686096191
390,6.099744319915772,5.7217888832092285,5.321603775024414,5.480972766876221,5.628943920135498,5.653100490570068,5.287087440490723,3.549548864364624,5.682593822479248
391,5.836085796356201,5.564383506774902,5.131382942199707,5.211606502532959,5.368066310882568,5.4006028175354,5.017640590667725,5.2610297203063965,5.514069080352783
392,6.160000324249268,5.830380916595459,5.544966697692871,5.711992263793945,5.8152618408203125,5.889177322387695,5.471062660217285,3.409736633300781,5.809041500091553
393,5.987922191619873,5.463137149810791,5.346713542938232,5.600052356719971,5.538707733154297,5.518194675445557,5.282473087310791,3.7903687953948975,5.47256326675415
394,5.955684661865234,5.145490646362305,5.499190330505371,5.897050857543945,5.399898529052734,5.250166893005371,5.1518073081970215,5.346810817718506,5.166965961456299
395,5.848799228668213,5.250437736511231,5.20855712890625,5.261113166809082,5.347373962402344,5.32258415222168,5.064488887786865,5.051664352416992,5.237948894500732
396,6.063083171844482,5.344232082366943,5.640647888183594,6.122428894042969,5.548573017120361,5.4191999435424805,5.308243274688721,3.727538108825684,5.36751127243042
397,5.963906764984131,5.3923516273498535,5.184045314788818,5.365094661712647,5.452345848083496,5.445123672485352,5.16429328918457,3.5996453762054443,5.381369113922119
398,5.863973140716553,5.163094520568848,5.257361888885498,5.397702693939209,5.353890419006348,5.270201206207275,5.095086574554443,4.599307537078857,5.16084098815918
399,5.944543361663818,5.672337055206299,5.262828350067139,5.427791595458984,5.514867305755615,5.587119102478027,5.224809646606445,4.581705093383789,5.641574382781982
400,5.8315019607543945,5.574343204498291,5.156804084777832,5.2338409423828125,5.403584957122803,5.470217227935791,5.070866107940674,3.804759979248047,5.532412052154541
401,6.05942440032959,5.497628211975098,5.414215087890625,5.585231781005859,5.56865930557251,5.4869384765625,5.281471252441406,3.4826366901397705,5.484121799468994
402,5.875270843505859,5.197826862335205,5.46556282043457,5.860617637634277,5.437858581542969,5.327491283416748,5.183464050292969,3.749069452285767,5.216614723205566
403,5.904678821563721,5.239439010620117,5.491180419921875,6.024582386016846,5.421435356140137,5.294783592224121,5.1926116943359375,4.497424125671387,5.26664400100708
404,5.808341503143311,5.123797416687012,5.2573771476745605,5.4769487380981445,5.359737396240234,5.269289016723633,5.10485315322876,4.570811748504639,5.137991905212402
405,6.065752029418945,5.417081832885742,5.580738544464111,6.11290979385376,5.573000907897949,5.42161750793457,5.303420066833496,3.9269731044769287,5.430261135101318
406,5.887758255004883,5.256680965423584,5.404322624206543,5.838170051574707,5.469626426696777,5.362010478973389,5.198782444000244,3.783466100692749,5.269841194152832
407,5.967959880828857,5.544436931610107,5.211867332458496,5.373040676116943,5.4870710372924805,5.48704719543457,5.186766147613525,3.524669647216797,5.512710571289063
408,6.112430095672607,5.49794340133667,5.461032390594482,5.753396987915039,5.618247985839844,5.520683288574219,5.326204299926758,3.745277404785156,5.496665954589844
409,5.954517841339111,5.352625846862793,5.284842491149902,5.489245414733887,5.482768535614014,5.393272399902344,5.205806255340576,3.5129971504211426,5.339653968811035
410,5.809866905212402,5.313995361328125,5.148762702941895,5.213950157165527,5.348955154418945,5.332879066467285,5.04648494720459,4.882182598114014,5.297662258148193
411,6.094944953918457,5.457901477813721,5.384787082672119,5.627289772033691,5.626194477081299,5.561744689941406,5.328367710113525,3.494236469268799,5.468483924865723
412,5.870058536529541,5.739070892333984,5.13084602355957,5.218503952026367,5.387289524078369,5.455325126647949,5.034387111663818,5.177964210510254,5.66704797744751
413,5.792923450469971,5.290126800537109,5.259974479675293,5.346800327301025,5.368500709533691,5.302526950836182,5.096836566925049,3.86570143699646,5.287752151489258
414,6.048096656799316,5.382025718688965,5.52778434753418,5.906899452209473,5.492898941040039,5.36305046081543,5.24925422668457,3.575362205505371,5.373782634735107
415,5.948861598968506,5.394402980804443,5.494539737701416,5.963128566741943,5.492741584777832,5.384044170379639,5.243185997009277,3.671088218688965,5.402040481567383
416,6.252025604248047,5.648520469665527,5.583831787109375,5.8923845291137695,5.770122528076172,5.772683143615723,5.478050231933594,3.5623421669006348,5.653594970703125
417,5.895528316497803,5.107487201690674,5.469061374664307,5.819962024688721,5.388879299163818,5.249238967895508,5.1420745849609375,4.497989177703857,5.134133338928223
418,6.600550174713135,6.205767154693604,6.1886491775512695,6.873476982116699,6.500913143157959,6.312320232391357,5.964293003082275,3.230197668075561,6.182824611663818
419,5.936087608337402,5.145174980163574,5.497739315032959,5.901204586029053,5.400250911712647,5.250906944274902,5.147151947021484,5.34548282623291,5.160634517669678
420,5.78231143951416,5.648808479309082,5.114938735961914,5.202704906463623,5.3755364418029785,5.449949741363525,5.044486999511719,4.208660125732422,5.570557594299316
421,5.994193077087402,5.422725677490234,5.316081523895264,5.4320173263549805,5.580850124359131,5.559119701385498,5.280646800994873,3.448784112930298,5.417935848236084
422,5.927057266235352,5.171785831451416,5.463226795196533,5.963715553283691,5.404532432556152,5.257625579833984,5.168864727020264,5.014375686645508,5.178640842437744
423,5.768576622009277,5.406520843505859,5.142964839935303,5.227205276489258,5.3540568351745605,5.375597953796387,5.042700290679932,4.181048393249512,5.378433704376221
424,5.815738201141357,5.2180681228637695,5.17764139175415,5.268712043762207,5.345480918884277,5.298470497131348,5.055781841278076,4.279717922210693,5.211103439331055
425,5.779654502868652,5.193787097930908,5.349529266357422,5.485872745513916,5.404689311981201,5.301758766174316,5.141452312469482,4.15354585647583,5.21174955368042
426,5.945105075836182,5.218843936920166,5.538692951202393,5.982137203216553,5.401382923126221,5.25383186340332,5.164618492126465,4.820974826812744,5.230716228485107
427,6.00773811340332,5.575124263763428,5.283236026763916,5.426210403442383,5.586071491241455,5.632414817810059,5.256356239318848,3.4060215950012207,5.550171852111816
428,5.746909141540527,5.31806755065918,5.136899471282959,5.281484127044678,5.390273094177246,5.392859935760498,5.077634811401367,4.370320796966553,5.312831878662109
429,5.738857746124268,5.234697341918945,5.155776977539063,5.240398406982422,5.321319580078125,5.303863525390625,5.052278995513916,5.052487850189209,5.231200218200684
430,5.921329975128174,5.275971412658691,5.500917911529541,5.938882827758789,5.426417827606201,5.280782222747803,5.182896614074707,3.8597841262817374,5.290066242218018
431,5.986884593963623,5.548266410827637,5.353967189788818,5.541957855224609,5.664605140686035,5.635071754455566,5.330477237701416,3.3180205821990967,5.5281243324279785
432,6.059807777404785,5.642789363861084,5.334303379058838,5.463356971740723,5.632684707641602,5.627786159515381,5.276917457580566,3.749963998794556,5.62454080581665
433,6.145357131958008,5.424233436584473,5.438520431518555,5.747949123382568,5.60145378112793,5.474206447601318,5.308871746063232,3.444580078125,5.431558609008789
434,5.869772911071777,5.329302310943604,5.314460754394531,5.643607139587402,5.423209190368652,5.305171966552734,5.169583797454834,3.759568452835083,5.324949741363525
435,5.956131458282471,5.17292594909668,5.514524459838867,5.9354448318481445,5.40837287902832,5.253523349761963,5.145843982696533,5.375282287597656,5.19579029083252
436,6.13674259185791,5.665894031524658,5.427883625030518,5.628619194030762,5.785743236541748,5.726521015167236,5.408010959625244,3.3029558658599854,5.637085914611816
437,5.83064603805542,5.219486713409424,5.349556922912598,5.539751529693604,5.345818519592285,5.267956256866455,5.10905122756958,4.32888650894165,5.2163567543029785
438,5.973089694976807,5.549570083618164,5.382491111755371,5.699206352233887,5.571661949157715,5.50092077255249,5.301695823669434,3.635117292404175,5.534069538116455
439,6.330667972564697,5.79714822769165,5.691633224487305,6.032321453094482,5.988726139068604,5.906751155853272,5.613793849945068,3.429823637008667,5.782732009887695
440,6.04040002822876,5.47138786315918,5.427884578704834,5.771467208862305,5.589327335357666,5.544076919555664,5.323638916015625,3.730342388153076,5.484577655792236
441,5.808287143707275,5.301108360290527,5.150946617126465,5.257900238037109,5.373757839202881,5.368940830230713,5.071385860443115,3.8656041622161865,5.297160625457764
442,6.172768592834473,5.579616546630859,5.562387943267822,5.912668704986572,5.835032939910889,5.695139408111572,5.457611560821533,3.353156089782715,5.589877605438232
443,5.833738803863525,5.182852268218994,5.378559589385986,5.675400257110596,5.378259658813477,5.267073154449463,5.153533935546875,3.871091842651367,5.193460464477539
444,5.950319766998291,5.193257808685303,5.4978132247924805,5.942203044891357,5.400458335876465,5.25494384765625,5.164834022521973,4.793463230133057,5.197952747344971
445,5.7750983238220215,5.262686729431152,5.120669841766357,5.234066486358643,5.346649169921875,5.3342108726501465,5.050507545471191,4.068244457244873,5.256973743438721
446,5.881014347076416,5.140546798706055,5.380372047424316,5.646124362945557,5.423444747924805,5.329156398773193,5.188482761383057,4.979249954223633,5.166749000549316
447,5.986332893371582,5.170657634735107,5.534438133239746,5.969789505004883,5.41082763671875,5.259677410125732,5.166196346282959,5.407937526702881,5.194598197937012
448,6.424863338470459,5.906853675842285,5.909389495849609,6.3937578201293945,6.168021202087402,6.044131755828857,5.736900329589844,3.2413854598999023,5.903543472290039
449,5.925583362579346,5.175973892211914,5.5276055335998535,5.954099178314209,5.4040937423706055,5.25627326965332,5.15593147277832,4.579680919647217,5.192677021026611
450,6.078597068786621,5.578776836395264,5.451973915100098,5.678768157958984,5.671505451202393,5.614847183227539,5.382582664489746,3.46376895904541,5.572593688964844
451,5.881969928741455,5.248918533325195,5.453614234924316,5.749350070953369,5.458924293518066,5.333805561065674,5.205427646636963,3.562798500061035,5.248814582824707
452,6.058332920074463,5.832682132720947,5.420519828796387,5.5678558349609375,5.627573490142822,5.73088264465332,5.33271598815918,4.638398170471191,5.786160945892334
453,6.04456090927124,5.712528705596924,5.389138698577881,5.503649711608887,5.70271635055542,5.725298881530762,5.351359844207764,3.368093252182007,5.669538497924805
454,5.987185955047607,5.370170593261719,5.335654258728027,5.57951021194458,5.517935752868652,5.432887077331543,5.252236366271973,3.5409460067749023,5.374608039855957
455,5.823602199554443,5.107224941253662,5.320682048797607,5.47871208190918,5.345210075378418,5.251986980438232,5.091553211212158,4.539076328277588,5.132801532745361
456,5.833022117614746,5.231863975524902,5.24924898147583,5.386712551116943,5.424489498138428,5.359804153442383,5.121392250061035,3.994312047958374,5.229302883148193
457,6.362656593322754,5.73179292678833,5.703858375549316,6.204352378845215,5.812685012817383,5.685764789581299,5.503544330596924,3.863760232925415,5.713912963867188
458,5.856861591339111,5.145495414733887,5.366232872009277,5.701937198638916,5.354963302612305,5.267430305480957,5.138471603393555,4.9137468338012695,5.160324096679688
459,5.960355281829834,5.4714179039001465,5.25567626953125,5.431270599365234,5.506296157836914,5.493869304656982,5.183810710906982,3.68247127532959,5.43571138381958
460,5.910567283630371,5.42457914352417,5.326798439025879,5.50771427154541,5.517829418182373,5.5185956954956055,5.252691745758057,4.014772891998291,5.440980911254883
461,5.906680107116699,5.329929828643799,5.525770664215088,6.022084712982178,5.496159076690674,5.348132610321045,5.251149654388428,3.855167865753174,5.321393966674805
462,5.834213733673096,5.185616493225098,5.306343078613281,5.448509216308594,5.349117279052734,5.263449668884277,5.091596603393555,4.346580505371094,5.187620162963867
463,5.874111652374268,5.14110279083252,5.449158191680908,5.744077205657959,5.383079528808594,5.252506732940674,5.146743774414063,4.497652053833008,5.173508167266846
464,5.961563587188721,5.144153118133545,5.496152400970459,5.880586624145508,5.397152423858643,5.248019695281982,5.146263122558594,5.383561134338379,5.166609764099121
465,5.953094482421875,5.589634895324707,5.356042385101318,5.49033260345459,5.674979209899902,5.66822624206543,5.34022855758667,3.3873562812805176,5.560273170471191
466,5.935722351074219,5.365013122558594,5.559852123260498,6.069387912750244,5.483856678009033,5.381892681121826,5.257905006408691,4.417690277099609,5.378961086273193
467,5.799510955810547,5.255343914031982,5.17943000793457,5.343145847320557,5.37193775177002,5.3372979164123535,5.080846309661865,4.133905410766602,5.262747287750244
468,5.853638172149658,5.192162990570068,5.322530269622803,5.578044891357422,5.3708930015563965,5.277956485748291,5.132911682128906,4.867578983306885,5.193507671356201
469,5.95071268081665,5.39689302444458,5.319087505340576,5.560697555541992,5.493138313293457,5.444659233093262,5.235589504241943,3.9929039478302,5.385085105895996
470,5.79005241394043,5.568393230438232,5.122234344482422,5.229555606842041,5.378937721252441,5.43019962310791,5.03311014175415,4.1927995681762695,5.498980045318604
471,5.787247657775879,5.236135959625244,5.164030075073242,5.260602951049805,5.346750259399414,5.3250603675842285,5.062714099884033,3.96537709236145,5.234780311584473
472,5.800693988800049,5.258849143981934,5.324196815490723,5.551812648773193,5.425149440765381,5.365743160247803,5.188333511352539,3.7505507469177246,5.280493259429932
473,6.299012184143066,5.66432523727417,5.604940891265869,5.92894983291626,5.881842136383057,5.7732768058776855,5.518054008483887,3.397789001464844,5.676021575927734
474,5.786287784576416,5.678775310516357,5.142909049987793,5.213146686553955,5.390671253204346,5.451730728149414,5.052143096923828,4.117394924163818,5.591742515563965
475,5.842369079589844,5.424444675445557,5.216664791107178,5.424925804138184,5.451452732086182,5.429651260375977,5.153522968292236,4.023560047149658,5.394540786743164
476,5.835775852203369,5.645510196685791,5.133006572723389,5.199908256530762,5.374415874481201,5.443647384643555,5.036972999572754,4.729283809661865,5.580649375915527
477,5.9026312828063965,5.17741060256958,5.299844741821289,5.610199928283691,5.420474529266357,5.3266801834106445,5.149349212646484,3.847877740859986,5.192259311676025
478,5.799330711364746,5.1680779457092285,5.181904315948486,5.315329551696777,5.351492881774902,5.32335376739502,5.07916784286499,4.970463752746582,5.175169944763184
479,5.991498947143555,5.255055904388428,5.512015342712402,6.064667701721191,5.514619827270508,5.366922378540039,5.226043701171875,3.754526376724243,5.276181697845459
480,5.945949077606201,5.484044075012207,5.255707740783691,5.403786659240723,5.525199890136719,5.516907691955566,5.223918914794922,3.3917455673217773,5.461933612823486
481,5.912068843841553,5.313558101654053,5.263933181762695,5.473440647125244,5.453391551971436,5.365462303161621,5.188143730163574,3.728080272674561,5.308738708496094
482,5.974483489990234,5.1812896728515625,5.53684139251709,5.972338676452637,5.412656307220459,5.256829738616943,5.161270618438721,4.948737144470215,5.2038397789001465
483,6.01793384552002,5.87110710144043,5.428090572357178,5.57542085647583,5.68412446975708,5.799800872802734,5.355427265167236,3.6180474758148193,5.820091247558594
484,6.165918827056885,5.396513938903809,5.535998344421387,5.994204998016357,5.604950428009033,5.460227966308594,5.338428020477295,3.4790303707122803,5.399883270263672
485,5.806332111358643,5.212802410125732,5.187175273895264,5.260862827301025,5.323317050933838,5.299842357635498,5.0535197257995605,4.375877380371094,5.21085786819458
486,5.914314270019531,5.107998371124268,5.423791408538818,5.696797847747803,5.376482963562012,5.246578216552734,5.12339973449707,5.332921504974365,5.134286880493164
487,5.829360008239746,5.194251537322998,5.299052238464356,5.568654537200928,5.402415752410889,5.309169769287109,5.144289493560791,3.705653667449951,5.207794189453125
488,6.0308756828308105,5.41837739944458,5.339582443237305,5.673654079437256,5.550755977630615,5.4324469566345215,5.245438098907471,3.4962000846862797,5.411049842834473
489,5.885015964508057,5.286911487579346,5.241762161254883,5.443364143371582,5.443974494934082,5.3811211585998535,5.160326957702637,3.582725524902344,5.283833026885986
490,6.1271653175354,5.457903861999512,5.389892578125,5.569919109344482,5.611295700073242,5.596657752990723,5.329638957977295,3.6803464889526367,5.46385383605957
491,5.881801605224609,5.131619930267334,5.468062400817871,5.833273887634277,5.383630752563477,5.259469509124756,5.152631759643555,4.062455177307129,5.15178108215332
492,5.774994850158691,5.200446605682373,5.199023723602295,5.306534290313721,5.341668605804443,5.283535003662109,5.067038536071777,4.358916759490967,5.196871757507324
493,5.974689960479736,5.497470378875732,5.369638442993164,5.584601879119873,5.511725425720215,5.408388614654541,5.243887901306152,3.7280213832855225,5.468253135681152
494,6.771888256072998,6.333331108093262,6.483364105224609,7.361080646514893,6.156975746154785,6.259600162506104,5.973377704620361,5.032602310180664,6.315316200256348
495,5.864999294281006,5.257089614868164,5.268914222717285,5.443510055541992,5.402483940124512,5.324519634246826,5.135944843292236,3.718194484710693,5.249783992767334
496,5.917090892791748,5.407688617706299,5.166738986968994,5.363074779510498,5.453127384185791,5.452600002288818,5.156912803649902,3.468157768249512,5.3954620361328125
497,6.147392272949219,5.551609992980957,5.7139410972595215,6.225521087646484,5.68117094039917,5.636849403381348,5.431829929351807,4.740219593048096,5.587947368621826
498,5.981211185455322,5.144679069519043,5.469114780426025,5.893232345581055,5.391574382781982,5.249112606048584,5.152346611022949,5.077611446380615,5.1584062576293945
499,5.980387210845947,5.281198024749756,5.475895881652832,5.811383724212647,5.520604133605957,5.381079196929932,5.237010478973389,3.467270374298096,5.276739597320557
500,6.065076351165772,5.384035110473633,5.339156150817871,5.57517147064209,5.550704956054688,5.477942943572998,5.274858474731445,3.467990636825561,5.392295837402344
501,5.893969058990479,5.622238636016846,5.170012474060059,5.264725208282471,5.432408332824707,5.487090110778809,5.094913959503174,3.815166473388672,5.569796085357666
502,6.234804153442383,5.621617317199707,5.566991329193115,5.95011043548584,5.835608959197998,5.713117599487305,5.502164363861084,3.400972843170166,5.6217942237854
503,5.837805271148682,5.519778728485107,5.105613708496094,5.245405197143555,5.3770365715026855,5.45981502532959,5.048089027404785,4.665421485900879,5.473387718200684
504,6.020594120025635,5.554716110229492,5.284478664398193,5.414121150970459,5.566459655761719,5.606917381286621,5.25141716003418,3.526209115982056,5.523991107940674
505,5.924349784851074,5.564962863922119,5.305869102478027,5.458613872528076,5.531967639923096,5.533703327178955,5.241236686706543,3.612545967102051,5.535187721252441
506,5.82205057144165,5.281407356262207,5.178011417388916,5.251502513885498,5.344286918640137,5.319879531860352,5.053718566894531,4.861128807067871,5.270589351654053
507,5.913754940032959,5.152192115783691,5.42921257019043,5.705667972564697,5.37733793258667,5.246119499206543,5.1182475090026855,5.342710018157959,5.170377731323242
508,5.953804016113281,5.1602983474731445,5.5397233963012695,5.941892147064209,5.395381927490234,5.254858493804932,5.152591228485107,5.3062849044799805,5.186201095581055
509,5.834348678588867,5.18172550201416,5.335362434387207,5.506376266479492,5.356669902801514,5.25178861618042,5.104606628417969,4.61203145980835,5.19210147857666
510,5.875270843505859,5.144909381866455,5.444440364837647,5.756131649017334,5.37825345993042,5.241969585418701,5.1315131187438965,4.656409740447998,5.167860984802246
511,5.900020599365234,5.313115119934082,5.525084495544434,5.959357738494873,5.5211052894592285,5.365384578704834,5.248365879058838,4.038516521453857,5.342491149902344
512,5.996021747589111,5.604623794555664,5.38279390335083,5.525001049041748,5.622446060180664,5.684329509735107,5.3099517822265625,3.489711284637451,5.599984169006348
